Timestamp,temperature_0
2023-05-01 00:00:00+01:00,11.38
2023-05-01 01:00:00+01:00,10.95
2023-05-01 02:00:00+01:00,10.56
2023-05-01 03:00:00+01:00,9.9
2023-05-01 04:00:00+01:00,9.41
2023-05-01 05:00:00+01:00,9.0
2023-05-01 06:00:00+01:00,9.42
2023-05-01 07:00:00+01:00,10.08
2023-05-01 08:00:00+01:00,10.92
2023-05-01 09:00:00+01:00,11.64
2023-05-01 10:00:00+01:00,12.46
2023-05-01 11:00:00+01:00,13.42
2023-05-01 12:00:00+01:00,14.6
2023-05-01 13:00:00+01:00,15.37
2023-05-01 14:00:00+01:00,16.05
2023-05-01 15:00:00+01:00,15.68
2023-05-01 16:00:00+01:00,15.89
2023-05-01 17:00:00+01:00,15.86
2023-05-01 18:00:00+01:00,15.37
2023-05-01 19:00:00+01:00,14.24
2023-05-01 20:00:00+01:00,13.16
2023-05-01 21:00:00+01:00,11.36
2023-05-01 22:00:00+01:00,10.53
2023-05-01 23:00:00+01:00,9.41
2023-05-02 00:00:00+01:00,9.02
2023-05-02 01:00:00+01:00,8.79
2023-05-02 02:00:00+01:00,8.24
2023-05-02 03:00:00+01:00,8.06
2023-05-02 04:00:00+01:00,7.92
2023-05-02 05:00:00+01:00,7.72
2023-05-02 06:00:00+01:00,7.3
2023-05-02 07:00:00+01:00,7.83
2023-05-02 08:00:00+01:00,8.52
2023-05-02 09:00:00+01:00,9.67
2023-05-02 10:00:00+01:00,10.82
2023-05-02 11:00:00+01:00,11.56
2023-05-02 12:00:00+01:00,11.83
2023-05-02 13:00:00+01:00,12.6
2023-05-02 14:00:00+01:00,12.71
2023-05-02 15:00:00+01:00,12.97
2023-05-02 16:00:00+01:00,13.12
2023-05-02 17:00:00+01:00,13.26
2023-05-02 18:00:00+01:00,12.8
2023-05-02 19:00:00+01:00,12.18
2023-05-02 20:00:00+01:00,11.25
2023-05-02 21:00:00+01:00,9.98
2023-05-02 22:00:00+01:00,8.62
2023-05-02 23:00:00+01:00,7.3
2023-05-03 00:00:00+01:00,6.72
2023-05-03 01:00:00+01:00,5.5
2023-05-03 02:00:00+01:00,5.71
2023-05-03 03:00:00+01:00,4.95
2023-05-03 04:00:00+01:00,4.56
2023-05-03 05:00:00+01:00,4.21
2023-05-03 06:00:00+01:00,4.15
2023-05-03 07:00:00+01:00,5.12
2023-05-03 08:00:00+01:00,6.73
2023-05-03 09:00:00+01:00,8.96
2023-05-03 10:00:00+01:00,11.27
2023-05-03 11:00:00+01:00,12.16
2023-05-03 12:00:00+01:00,13.08
2023-05-03 13:00:00+01:00,13.29
2023-05-03 14:00:00+01:00,13.66
2023-05-03 15:00:00+01:00,13.59
2023-05-03 16:00:00+01:00,13.79
2023-05-03 17:00:00+01:00,13.15
2023-05-03 18:00:00+01:00,11.89
2023-05-03 19:00:00+01:00,10.58
2023-05-03 20:00:00+01:00,9.36
2023-05-03 21:00:00+01:00,8.32
2023-05-03 22:00:00+01:00,7.48
2023-05-03 23:00:00+01:00,7.26
2023-05-04 00:00:00+01:00,6.94
2023-05-04 01:00:00+01:00,6.73
2023-05-04 02:00:00+01:00,6.83
2023-05-04 03:00:00+01:00,6.82
2023-05-04 04:00:00+01:00,6.74
2023-05-04 05:00:00+01:00,6.8
2023-05-04 06:00:00+01:00,7.19
2023-05-04 07:00:00+01:00,8.24
2023-05-04 08:00:00+01:00,9.72
2023-05-04 09:00:00+01:00,11.25
2023-05-04 10:00:00+01:00,13.03
2023-05-04 11:00:00+01:00,14.17
2023-05-04 12:00:00+01:00,15.21
2023-05-04 13:00:00+01:00,15.91
2023-05-04 14:00:00+01:00,16.34
2023-05-04 15:00:00+01:00,16.69
2023-05-04 16:00:00+01:00,17.16
2023-05-04 17:00:00+01:00,16.69
2023-05-04 18:00:00+01:00,15.82
2023-05-04 19:00:00+01:00,14.99
2023-05-04 20:00:00+01:00,13.94
2023-05-04 21:00:00+01:00,12.59
2023-05-04 22:00:00+01:00,12.0
2023-05-04 23:00:00+01:00,11.78
2023-05-05 00:00:00+01:00,11.32
2023-05-05 01:00:00+01:00,10.89
2023-05-05 02:00:00+01:00,10.26
2023-05-05 03:00:00+01:00,10.59
2023-05-05 04:00:00+01:00,10.69
2023-05-05 05:00:00+01:00,11.17
2023-05-05 06:00:00+01:00,11.22
2023-05-05 07:00:00+01:00,11.69
2023-05-05 08:00:00+01:00,12.84
2023-05-05 09:00:00+01:00,13.76
2023-05-05 10:00:00+01:00,14.66
2023-05-05 11:00:00+01:00,15.16
2023-05-05 12:00:00+01:00,15.76
2023-05-05 13:00:00+01:00,16.64
2023-05-05 14:00:00+01:00,17.07
2023-05-05 15:00:00+01:00,16.33
2023-05-05 16:00:00+01:00,15.39
2023-05-05 17:00:00+01:00,15.67
2023-05-05 18:00:00+01:00,15.05
2023-05-05 19:00:00+01:00,14.49
2023-05-05 20:00:00+01:00,13.91
2023-05-05 21:00:00+01:00,12.88
2023-05-05 22:00:00+01:00,12.28
2023-05-05 23:00:00+01:00,11.53
2023-05-06 00:00:00+01:00,10.79
2023-05-06 01:00:00+01:00,10.48
2023-05-06 02:00:00+01:00,9.28
2023-05-06 03:00:00+01:00,8.91
2023-05-06 04:00:00+01:00,9.03
2023-05-06 05:00:00+01:00,9.29
2023-05-06 06:00:00+01:00,9.71
2023-05-06 07:00:00+01:00,10.81
2023-05-06 08:00:00+01:00,11.92
2023-05-06 09:00:00+01:00,13.12
2023-05-06 10:00:00+01:00,14.53
2023-05-06 11:00:00+01:00,15.94
2023-05-06 12:00:00+01:00,16.9
2023-05-06 13:00:00+01:00,16.37
2023-05-06 14:00:00+01:00,16.04
2023-05-06 15:00:00+01:00,15.57
2023-05-06 16:00:00+01:00,15.16
2023-05-06 17:00:00+01:00,14.83
2023-05-06 18:00:00+01:00,14.35
2023-05-06 19:00:00+01:00,13.81
2023-05-06 20:00:00+01:00,13.16
2023-05-06 21:00:00+01:00,12.85
2023-05-06 22:00:00+01:00,12.91
2023-05-06 23:00:00+01:00,12.65
2023-05-07 00:00:00+01:00,12.67
2023-05-07 01:00:00+01:00,12.61
2023-05-07 02:00:00+01:00,12.51
2023-05-07 03:00:00+01:00,12.33
2023-05-07 04:00:00+01:00,12.3
2023-05-07 05:00:00+01:00,12.25
2023-05-07 06:00:00+01:00,12.43
2023-05-07 07:00:00+01:00,12.83
2023-05-07 08:00:00+01:00,13.4
2023-05-07 09:00:00+01:00,14.05
2023-05-07 10:00:00+01:00,15.11
2023-05-07 11:00:00+01:00,16.07
2023-05-07 12:00:00+01:00,16.97
2023-05-07 13:00:00+01:00,18.04
2023-05-07 14:00:00+01:00,17.76
2023-05-07 15:00:00+01:00,18.31
2023-05-07 16:00:00+01:00,18.83
2023-05-07 17:00:00+01:00,19.46
2023-05-07 18:00:00+01:00,19.63
2023-05-07 19:00:00+01:00,19.07
2023-05-07 20:00:00+01:00,17.52
2023-05-07 21:00:00+01:00,15.15
2023-05-07 22:00:00+01:00,13.8
2023-05-07 23:00:00+01:00,12.66
2023-05-08 00:00:00+01:00,12.28
2023-05-08 01:00:00+01:00,11.65
2023-05-08 02:00:00+01:00,11.07
2023-05-08 03:00:00+01:00,10.55
2023-05-08 04:00:00+01:00,10.4
2023-05-08 05:00:00+01:00,10.08
2023-05-08 06:00:00+01:00,9.95
2023-05-08 07:00:00+01:00,11.13
2023-05-08 08:00:00+01:00,12.78
2023-05-08 09:00:00+01:00,14.43
2023-05-08 10:00:00+01:00,15.15
2023-05-08 11:00:00+01:00,15.64
2023-05-08 12:00:00+01:00,16.1
2023-05-08 13:00:00+01:00,15.94
2023-05-08 14:00:00+01:00,16.21
2023-05-08 15:00:00+01:00,15.38
2023-05-08 16:00:00+01:00,14.93
2023-05-08 17:00:00+01:00,15.19
2023-05-08 18:00:00+01:00,15.55
2023-05-08 19:00:00+01:00,15.43
2023-05-08 20:00:00+01:00,15.18
2023-05-08 21:00:00+01:00,14.29
2023-05-08 22:00:00+01:00,13.52
2023-05-08 23:00:00+01:00,13.11
2023-05-09 00:00:00+01:00,12.75
2023-05-09 01:00:00+01:00,12.74
2023-05-09 02:00:00+01:00,12.51
2023-05-09 03:00:00+01:00,12.53
2023-05-09 04:00:00+01:00,12.53
2023-05-09 05:00:00+01:00,12.18
2023-05-09 06:00:00+01:00,12.12
2023-05-09 07:00:00+01:00,12.38
2023-05-09 08:00:00+01:00,13.05
2023-05-09 09:00:00+01:00,13.54
2023-05-09 10:00:00+01:00,14.36
2023-05-09 11:00:00+01:00,15.76
2023-05-09 12:00:00+01:00,16.47
2023-05-09 14:00:00+01:00,17.17
2023-05-09 15:00:00+01:00,16.93
2023-05-09 16:00:00+01:00,16.83
2023-05-09 17:00:00+01:00,17.0
2023-05-09 18:00:00+01:00,15.4
2023-05-09 19:00:00+01:00,14.24
2023-05-09 20:00:00+01:00,13.51
2023-05-09 21:00:00+01:00,12.3
2023-05-09 22:00:00+01:00,12.08
2023-05-09 23:00:00+01:00,11.9
2023-05-10 00:00:00+01:00,11.67
2023-05-10 01:00:00+01:00,10.99
2023-05-10 02:00:00+01:00,10.99
2023-05-10 03:00:00+01:00,10.25
2023-05-10 04:00:00+01:00,9.84
2023-05-10 05:00:00+01:00,9.38
2023-05-10 06:00:00+01:00,8.99
2023-05-10 07:00:00+01:00,9.45
2023-05-10 08:00:00+01:00,10.91
2023-05-10 09:00:00+01:00,12.32
2023-05-10 10:00:00+01:00,14.21
2023-05-10 11:00:00+01:00,15.26
2023-05-10 12:00:00+01:00,16.19
2023-05-10 13:00:00+01:00,16.63
2023-05-10 14:00:00+01:00,17.07
2023-05-10 15:00:00+01:00,17.14
2023-05-10 16:00:00+01:00,16.06
2023-05-10 17:00:00+01:00,15.39
2023-05-10 18:00:00+01:00,14.91
2023-05-10 19:00:00+01:00,15.22
2023-05-10 20:00:00+01:00,13.53
2023-05-10 21:00:00+01:00,12.32
2023-05-10 22:00:00+01:00,11.43
2023-05-10 23:00:00+01:00,10.5
2023-05-11 00:00:00+01:00,9.39
2023-05-11 01:00:00+01:00,8.92
2023-05-11 02:00:00+01:00,8.68
2023-05-11 03:00:00+01:00,8.42
2023-05-11 04:00:00+01:00,8.38
2023-05-11 05:00:00+01:00,8.13
2023-05-11 06:00:00+01:00,8.68
2023-05-11 07:00:00+01:00,10.07
2023-05-11 08:00:00+01:00,11.63
2023-05-11 09:00:00+01:00,13.1
2023-05-11 10:00:00+01:00,14.33
2023-05-11 11:00:00+01:00,14.41
2023-05-11 12:00:00+01:00,15.63
2023-05-11 13:00:00+01:00,15.79
2023-05-11 14:00:00+01:00,15.47
2023-05-11 15:00:00+01:00,15.96
2023-05-11 16:00:00+01:00,16.12
2023-05-11 17:00:00+01:00,16.06
2023-05-11 18:00:00+01:00,15.65
2023-05-11 19:00:00+01:00,14.58
2023-05-11 20:00:00+01:00,13.97
2023-05-11 21:00:00+01:00,12.88
2023-05-11 22:00:00+01:00,11.53
2023-05-11 23:00:00+01:00,10.57
2023-05-12 00:00:00+01:00,10.23
2023-05-12 01:00:00+01:00,9.75
2023-05-12 02:00:00+01:00,9.47
2023-05-12 03:00:00+01:00,8.93
2023-05-12 04:00:00+01:00,9.13
2023-05-12 05:00:00+01:00,9.22
2023-05-12 06:00:00+01:00,9.51
2023-05-12 07:00:00+01:00,9.89
2023-05-12 08:00:00+01:00,9.94
2023-05-12 09:00:00+01:00,10.38
2023-05-12 10:00:00+01:00,10.76
2023-05-12 11:00:00+01:00,10.72
2023-05-12 12:00:00+01:00,10.74
2023-05-12 13:00:00+01:00,10.74
2023-05-12 14:00:00+01:00,11.28
2023-05-12 15:00:00+01:00,11.92
2023-05-12 16:00:00+01:00,12.36
2023-05-12 17:00:00+01:00,12.03
2023-05-12 18:00:00+01:00,12.15
2023-05-12 19:00:00+01:00,11.72
2023-05-12 20:00:00+01:00,10.82
2023-05-12 21:00:00+01:00,10.5
2023-05-12 22:00:00+01:00,10.27
2023-05-12 23:00:00+01:00,10.0
2023-05-13 00:00:00+01:00,9.79
2023-05-13 01:00:00+01:00,9.57
2023-05-13 02:00:00+01:00,9.4
2023-05-13 03:00:00+01:00,9.29
2023-05-13 04:00:00+01:00,9.15
2023-05-13 05:00:00+01:00,9.26
2023-05-13 06:00:00+01:00,9.32
2023-05-13 07:00:00+01:00,9.95
2023-05-13 08:00:00+01:00,10.28
2023-05-13 09:00:00+01:00,10.55
2023-05-13 10:00:00+01:00,10.92
2023-05-13 11:00:00+01:00,11.25
2023-05-13 12:00:00+01:00,11.57
2023-05-13 13:00:00+01:00,12.08
2023-05-13 14:00:00+01:00,12.38
2023-05-13 15:00:00+01:00,12.61
2023-05-13 16:00:00+01:00,12.77
2023-05-13 17:00:00+01:00,12.53
2023-05-13 18:00:00+01:00,12.36
2023-05-13 19:00:00+01:00,11.53
2023-05-13 20:00:00+01:00,10.41
2023-05-13 21:00:00+01:00,9.77
2023-05-13 22:00:00+01:00,9.56
2023-05-13 23:00:00+01:00,9.2
2023-05-14 00:00:00+01:00,8.76
2023-05-14 01:00:00+01:00,8.51
2023-05-14 02:00:00+01:00,8.29
2023-05-14 03:00:00+01:00,8.06
2023-05-14 04:00:00+01:00,7.87
2023-05-14 05:00:00+01:00,7.33
2023-05-14 06:00:00+01:00,7.57
2023-05-14 07:00:00+01:00,8.18
2023-05-14 08:00:00+01:00,8.71
2023-05-14 09:00:00+01:00,9.81
2023-05-14 10:00:00+01:00,11.0
2023-05-14 11:00:00+01:00,12.35
2023-05-14 12:00:00+01:00,14.19
2023-05-14 13:00:00+01:00,15.73
2023-05-14 14:00:00+01:00,16.6
2023-05-14 15:00:00+01:00,17.68
2023-05-14 16:00:00+01:00,18.56
2023-05-14 17:00:00+01:00,18.5
2023-05-14 18:00:00+01:00,18.15
2023-05-14 19:00:00+01:00,17.57
2023-05-14 20:00:00+01:00,16.4
2023-05-14 21:00:00+01:00,14.33
2023-05-14 22:00:00+01:00,14.19
2023-05-14 23:00:00+01:00,13.41
2023-05-15 00:00:00+01:00,12.78
2023-05-15 01:00:00+01:00,12.65
2023-05-15 02:00:00+01:00,12.12
2023-05-15 03:00:00+01:00,11.36
2023-05-15 04:00:00+01:00,10.81
2023-05-15 05:00:00+01:00,10.14
2023-05-15 06:00:00+01:00,9.46
2023-05-15 07:00:00+01:00,9.16
2023-05-15 08:00:00+01:00,9.32
2023-05-15 09:00:00+01:00,10.12
2023-05-15 10:00:00+01:00,10.94
2023-05-15 11:00:00+01:00,11.42
2023-05-15 12:00:00+01:00,12.13
2023-05-15 13:00:00+01:00,12.13
2023-05-15 14:00:00+01:00,12.12
2023-05-15 15:00:00+01:00,13.32
2023-05-15 16:00:00+01:00,13.3
2023-05-15 17:00:00+01:00,12.77
2023-05-15 18:00:00+01:00,12.21
2023-05-15 19:00:00+01:00,11.84
2023-05-15 20:00:00+01:00,10.56
2023-05-15 21:00:00+01:00,9.41
2023-05-15 22:00:00+01:00,8.24
2023-05-15 23:00:00+01:00,7.68
2023-05-16 00:00:00+01:00,6.44
2023-05-16 01:00:00+01:00,6.45
2023-05-16 02:00:00+01:00,6.86
2023-05-16 03:00:00+01:00,6.96
2023-05-16 04:00:00+01:00,6.48
2023-05-16 05:00:00+01:00,6.4
2023-05-16 06:00:00+01:00,6.94
2023-05-16 07:00:00+01:00,8.01
2023-05-16 08:00:00+01:00,9.19
2023-05-16 09:00:00+01:00,10.82
2023-05-16 10:00:00+01:00,11.95
2023-05-16 11:00:00+01:00,13.04
2023-05-16 12:00:00+01:00,14.08
2023-05-16 13:00:00+01:00,14.81
2023-05-16 14:00:00+01:00,15.11
2023-05-16 15:00:00+01:00,15.22
2023-05-16 16:00:00+01:00,15.41
2023-05-16 17:00:00+01:00,15.26
2023-05-16 18:00:00+01:00,14.91
2023-05-16 19:00:00+01:00,14.64
2023-05-16 20:00:00+01:00,13.55
2023-05-16 21:00:00+01:00,11.56
2023-05-16 22:00:00+01:00,10.09
2023-05-16 23:00:00+01:00,10.23
2023-05-17 00:00:00+01:00,10.32
2023-05-17 01:00:00+01:00,9.83
2023-05-17 02:00:00+01:00,9.88
2023-05-17 03:00:00+01:00,8.86
2023-05-17 04:00:00+01:00,8.25
2023-05-17 05:00:00+01:00,7.89
2023-05-17 06:00:00+01:00,8.03
2023-05-17 07:00:00+01:00,9.19
2023-05-17 08:00:00+01:00,10.15
2023-05-17 09:00:00+01:00,11.81
2023-05-17 10:00:00+01:00,13.28
2023-05-17 11:00:00+01:00,14.14
2023-05-17 12:00:00+01:00,14.65
2023-05-17 13:00:00+01:00,14.91
2023-05-17 14:00:00+01:00,15.17
2023-05-17 15:00:00+01:00,15.63
2023-05-17 16:00:00+01:00,16.27
2023-05-17 17:00:00+01:00,15.87
2023-05-17 18:00:00+01:00,14.73
2023-05-17 19:00:00+01:00,13.75
2023-05-17 20:00:00+01:00,12.93
2023-05-17 21:00:00+01:00,11.72
2023-05-17 22:00:00+01:00,10.9
2023-05-17 23:00:00+01:00,10.39
2023-05-18 00:00:00+01:00,9.77
2023-05-18 01:00:00+01:00,9.13
2023-05-18 02:00:00+01:00,8.6
2023-05-18 03:00:00+01:00,8.35
2023-05-18 04:00:00+01:00,8.06
2023-05-18 05:00:00+01:00,7.79
2023-05-18 06:00:00+01:00,8.19
2023-05-18 07:00:00+01:00,9.47
2023-05-18 08:00:00+01:00,10.98
2023-05-18 09:00:00+01:00,12.73
2023-05-18 10:00:00+01:00,14.39
2023-05-18 11:00:00+01:00,15.73
2023-05-18 12:00:00+01:00,16.48
2023-05-18 13:00:00+01:00,17.3
2023-05-18 14:00:00+01:00,17.66
2023-05-18 15:00:00+01:00,18.28
2023-05-18 16:00:00+01:00,18.36
2023-05-18 17:00:00+01:00,18.15
2023-05-18 18:00:00+01:00,17.76
2023-05-18 19:00:00+01:00,16.81
2023-05-18 20:00:00+01:00,15.4
2023-05-18 21:00:00+01:00,14.03
2023-05-18 22:00:00+01:00,12.77
2023-05-18 23:00:00+01:00,11.81
2023-05-19 00:00:00+01:00,10.91
2023-05-19 01:00:00+01:00,9.53
2023-05-19 02:00:00+01:00,8.89
2023-05-19 03:00:00+01:00,8.47
2023-05-19 04:00:00+01:00,8.43
2023-05-19 05:00:00+01:00,8.37
2023-05-19 06:00:00+01:00,8.68
2023-05-19 07:00:00+01:00,9.12
2023-05-19 08:00:00+01:00,9.74
2023-05-19 09:00:00+01:00,10.49
2023-05-19 10:00:00+01:00,10.96
2023-05-19 11:00:00+01:00,11.47
2023-05-19 12:00:00+01:00,12.03
2023-05-19 13:00:00+01:00,13.18
2023-05-19 14:00:00+01:00,14.1
2023-05-19 15:00:00+01:00,14.74
2023-05-19 16:00:00+01:00,15.35
2023-05-19 17:00:00+01:00,15.6
2023-05-19 18:00:00+01:00,15.25
2023-05-19 19:00:00+01:00,14.69
2023-05-19 20:00:00+01:00,13.37
2023-05-19 21:00:00+01:00,11.83
2023-05-19 22:00:00+01:00,10.41
2023-05-19 23:00:00+01:00,9.67
2023-05-20 00:00:00+01:00,8.79
2023-05-20 01:00:00+01:00,8.36
2023-05-20 02:00:00+01:00,7.88
2023-05-20 03:00:00+01:00,7.77
2023-05-20 04:00:00+01:00,7.82
2023-05-20 05:00:00+01:00,8.18
2023-05-20 06:00:00+01:00,8.9
2023-05-20 07:00:00+01:00,10.51
2023-05-20 08:00:00+01:00,11.54
2023-05-20 09:00:00+01:00,13.04
2023-05-20 10:00:00+01:00,14.28
2023-05-20 11:00:00+01:00,15.32
2023-05-20 12:00:00+01:00,15.77
2023-05-20 13:00:00+01:00,16.18
2023-05-20 14:00:00+01:00,16.62
2023-05-20 15:00:00+01:00,16.69
2023-05-20 16:00:00+01:00,16.65
2023-05-20 17:00:00+01:00,16.04
2023-05-20 18:00:00+01:00,15.41
2023-05-20 19:00:00+01:00,14.74
2023-05-20 20:00:00+01:00,13.47
2023-05-20 21:00:00+01:00,11.96
2023-05-20 22:00:00+01:00,10.87
2023-05-20 23:00:00+01:00,10.26
2023-05-21 00:00:00+01:00,9.64
2023-05-21 01:00:00+01:00,9.45
2023-05-21 02:00:00+01:00,9.08
2023-05-21 03:00:00+01:00,8.84
2023-05-21 04:00:00+01:00,8.74
2023-05-21 05:00:00+01:00,8.91
2023-05-21 06:00:00+01:00,9.47
2023-05-21 07:00:00+01:00,10.69
2023-05-21 08:00:00+01:00,11.91
2023-05-21 09:00:00+01:00,13.17
2023-05-21 10:00:00+01:00,14.23
2023-05-21 11:00:00+01:00,15.06
2023-05-21 12:00:00+01:00,15.65
2023-05-21 13:00:00+01:00,15.76
2023-05-21 14:00:00+01:00,15.99
2023-05-21 15:00:00+01:00,15.97
2023-05-21 16:00:00+01:00,15.85
2023-05-21 17:00:00+01:00,15.36
2023-05-21 18:00:00+01:00,14.68
2023-05-21 19:00:00+01:00,13.92
2023-05-21 20:00:00+01:00,12.93
2023-05-21 21:00:00+01:00,11.88
2023-05-21 22:00:00+01:00,11.29
2023-05-21 23:00:00+01:00,10.72
2023-05-22 00:00:00+01:00,11.11
2023-05-22 01:00:00+01:00,11.38
2023-05-22 02:00:00+01:00,11.12
2023-05-22 03:00:00+01:00,11.16
2023-05-22 04:00:00+01:00,11.28
2023-05-22 05:00:00+01:00,11.53
2023-05-22 06:00:00+01:00,11.71
2023-05-22 07:00:00+01:00,12.14
2023-05-22 08:00:00+01:00,13.07
2023-05-22 09:00:00+01:00,13.81
2023-05-22 10:00:00+01:00,14.44
2023-05-22 11:00:00+01:00,15.6
2023-05-22 12:00:00+01:00,15.77
2023-05-22 13:00:00+01:00,16.11
2023-05-22 14:00:00+01:00,16.17
2023-05-22 15:00:00+01:00,16.62
2023-05-22 16:00:00+01:00,16.54
2023-05-22 17:00:00+01:00,15.95
2023-05-22 18:00:00+01:00,14.66
2023-05-22 19:00:00+01:00,13.99
2023-05-22 20:00:00+01:00,13.11
2023-05-22 21:00:00+01:00,12.57
2023-05-22 22:00:00+01:00,11.83
2023-05-22 23:00:00+01:00,11.28
2023-05-23 00:00:00+01:00,10.98
2023-05-23 01:00:00+01:00,11.07
2023-05-23 02:00:00+01:00,10.94
2023-05-23 03:00:00+01:00,10.49
2023-05-23 04:00:00+01:00,10.03
2023-05-23 05:00:00+01:00,9.5
2023-05-23 06:00:00+01:00,10.03
2023-05-23 07:00:00+01:00,10.69
2023-05-23 08:00:00+01:00,11.49
2023-05-23 09:00:00+01:00,12.16
2023-05-23 10:00:00+01:00,13.22
2023-05-23 11:00:00+01:00,14.15
2023-05-23 12:00:00+01:00,15.19
2023-05-23 13:00:00+01:00,15.72
2023-05-23 14:00:00+01:00,15.81
2023-05-23 15:00:00+01:00,16.52
2023-05-23 16:00:00+01:00,16.81
2023-05-23 17:00:00+01:00,16.72
2023-05-23 18:00:00+01:00,16.74
2023-05-23 19:00:00+01:00,16.18
2023-05-23 20:00:00+01:00,15.31
2023-05-23 21:00:00+01:00,13.79
2023-05-23 22:00:00+01:00,12.81
2023-05-23 23:00:00+01:00,11.96
2023-05-24 00:00:00+01:00,11.24
2023-05-24 01:00:00+01:00,10.52
2023-05-24 02:00:00+01:00,9.74
2023-05-24 03:00:00+01:00,9.02
2023-05-24 04:00:00+01:00,9.23
2023-05-24 05:00:00+01:00,9.71
2023-05-24 06:00:00+01:00,10.48
2023-05-24 07:00:00+01:00,11.51
2023-05-24 08:00:00+01:00,12.38
2023-05-24 09:00:00+01:00,13.74
2023-05-24 10:00:00+01:00,15.32
2023-05-24 11:00:00+01:00,15.87
2023-05-24 12:00:00+01:00,16.74
2023-05-24 13:00:00+01:00,17.0
2023-05-24 14:00:00+01:00,17.12
2023-05-24 15:00:00+01:00,17.47
2023-05-24 16:00:00+01:00,17.93
2023-05-24 17:00:00+01:00,17.87
2023-05-24 18:00:00+01:00,16.94
2023-05-24 19:00:00+01:00,16.17
2023-05-24 20:00:00+01:00,14.79
2023-05-24 21:00:00+01:00,12.71
2023-05-24 22:00:00+01:00,11.27
2023-05-24 23:00:00+01:00,10.77
2023-05-25 00:00:00+01:00,10.27
2023-05-25 01:00:00+01:00,9.27
2023-05-25 02:00:00+01:00,9.59
2023-05-25 03:00:00+01:00,10.66
2023-05-25 04:00:00+01:00,10.73
2023-05-25 05:00:00+01:00,10.7
2023-05-25 06:00:00+01:00,10.84
2023-05-25 07:00:00+01:00,11.56
2023-05-25 08:00:00+01:00,12.51
2023-05-25 09:00:00+01:00,13.76
2023-05-25 10:00:00+01:00,15.07
2023-05-25 11:00:00+01:00,15.97
2023-05-25 12:00:00+01:00,16.62
2023-05-25 13:00:00+01:00,17.58
2023-05-25 14:00:00+01:00,17.5
2023-05-25 15:00:00+01:00,17.44
2023-05-25 16:00:00+01:00,17.52
2023-05-25 17:00:00+01:00,17.34
2023-05-25 18:00:00+01:00,16.6
2023-05-25 19:00:00+01:00,15.81
2023-05-25 20:00:00+01:00,14.34
2023-05-25 21:00:00+01:00,12.42
2023-05-25 22:00:00+01:00,10.99
2023-05-25 23:00:00+01:00,9.92
2023-05-26 00:00:00+01:00,8.85
2023-05-26 01:00:00+01:00,8.03
2023-05-26 02:00:00+01:00,6.43
2023-05-26 03:00:00+01:00,7.06
2023-05-26 04:00:00+01:00,6.61
2023-05-26 05:00:00+01:00,7.0
2023-05-26 06:00:00+01:00,7.69
2023-05-26 07:00:00+01:00,8.89
2023-05-26 08:00:00+01:00,10.52
2023-05-26 09:00:00+01:00,12.55
2023-05-26 10:00:00+01:00,14.32
2023-05-26 11:00:00+01:00,15.58
2023-05-26 12:00:00+01:00,16.71
2023-05-26 13:00:00+01:00,17.82
2023-05-26 14:00:00+01:00,18.43
2023-05-26 15:00:00+01:00,18.31
2023-05-26 16:00:00+01:00,18.3
2023-05-26 17:00:00+01:00,17.68
2023-05-26 18:00:00+01:00,16.53
2023-05-26 19:00:00+01:00,15.47
2023-05-26 20:00:00+01:00,13.85
2023-05-26 21:00:00+01:00,12.19
2023-05-26 22:00:00+01:00,10.76
2023-05-26 23:00:00+01:00,9.35
2023-05-27 00:00:00+01:00,8.55
2023-05-27 01:00:00+01:00,7.5
2023-05-27 02:00:00+01:00,6.57
2023-05-27 03:00:00+01:00,5.87
2023-05-27 04:00:00+01:00,5.78
2023-05-27 05:00:00+01:00,6.66
2023-05-27 06:00:00+01:00,7.56
2023-05-27 07:00:00+01:00,8.88
2023-05-27 08:00:00+01:00,10.56
2023-05-27 09:00:00+01:00,12.29
2023-05-27 10:00:00+01:00,13.61
2023-05-27 11:00:00+01:00,15.25
2023-05-27 12:00:00+01:00,16.39
2023-05-27 13:00:00+01:00,17.3
2023-05-27 14:00:00+01:00,17.98
2023-05-27 15:00:00+01:00,18.42
2023-05-27 16:00:00+01:00,18.66
2023-05-27 17:00:00+01:00,18.6
2023-05-27 18:00:00+01:00,18.59
2023-05-27 19:00:00+01:00,17.83
2023-05-27 20:00:00+01:00,16.56
2023-05-27 21:00:00+01:00,13.72
2023-05-27 22:00:00+01:00,12.19
2023-05-27 23:00:00+01:00,11.26
2023-05-28 00:00:00+01:00,10.44
2023-05-28 01:00:00+01:00,9.78
2023-05-28 02:00:00+01:00,9.34
2023-05-28 03:00:00+01:00,8.54
2023-05-28 04:00:00+01:00,8.88
2023-05-28 05:00:00+01:00,8.93
2023-05-28 06:00:00+01:00,9.72
2023-05-28 07:00:00+01:00,11.49
2023-05-28 08:00:00+01:00,12.64
2023-05-28 09:00:00+01:00,14.38
2023-05-28 10:00:00+01:00,16.0
2023-05-28 11:00:00+01:00,17.03
2023-05-28 12:00:00+01:00,17.25
2023-05-28 13:00:00+01:00,17.32
2023-05-28 14:00:00+01:00,17.5
2023-05-28 15:00:00+01:00,17.27
2023-05-28 16:00:00+01:00,16.94
2023-05-28 17:00:00+01:00,16.45
2023-05-28 18:00:00+01:00,15.37
2023-05-28 19:00:00+01:00,14.52
2023-05-28 20:00:00+01:00,13.18
2023-05-28 21:00:00+01:00,12.13
2023-05-28 22:00:00+01:00,11.29
2023-05-28 23:00:00+01:00,10.67
2023-05-29 00:00:00+01:00,10.15
2023-05-29 01:00:00+01:00,9.4
2023-05-29 02:00:00+01:00,8.65
2023-05-29 03:00:00+01:00,8.43
2023-05-29 04:00:00+01:00,8.13
2023-05-29 05:00:00+01:00,8.88
2023-05-29 06:00:00+01:00,9.49
2023-05-29 07:00:00+01:00,10.85
2023-05-29 08:00:00+01:00,11.95
2023-05-29 09:00:00+01:00,12.49
2023-05-29 10:00:00+01:00,13.03
2023-05-29 11:00:00+01:00,13.73
2023-05-29 12:00:00+01:00,14.51
2023-05-29 13:00:00+01:00,15.01
2023-05-29 14:00:00+01:00,15.05
2023-05-29 15:00:00+01:00,15.32
2023-05-29 16:00:00+01:00,15.06
2023-05-29 17:00:00+01:00,14.74
2023-05-29 18:00:00+01:00,14.0
2023-05-29 19:00:00+01:00,13.69
2023-05-29 20:00:00+01:00,12.85
2023-05-29 21:00:00+01:00,11.76
2023-05-29 22:00:00+01:00,10.92
2023-05-29 23:00:00+01:00,10.32
2023-05-30 00:00:00+01:00,10.33
2023-05-30 01:00:00+01:00,9.95
2023-05-30 02:00:00+01:00,9.78
2023-05-30 03:00:00+01:00,9.5
2023-05-30 04:00:00+01:00,9.67
2023-05-30 05:00:00+01:00,9.83
2023-05-30 06:00:00+01:00,10.5
2023-05-30 07:00:00+01:00,11.55
2023-05-30 08:00:00+01:00,12.14
2023-05-30 09:00:00+01:00,12.82
2023-05-30 10:00:00+01:00,13.67
2023-05-30 11:00:00+01:00,13.95
2023-05-30 12:00:00+01:00,13.86
2023-05-30 13:00:00+01:00,14.38
2023-05-30 14:00:00+01:00,14.54
2023-05-30 15:00:00+01:00,14.59
2023-05-30 16:00:00+01:00,13.82
2023-05-30 17:00:00+01:00,13.81
2023-05-30 18:00:00+01:00,13.2
2023-05-30 19:00:00+01:00,12.76
2023-05-30 20:00:00+01:00,12.36
2023-05-30 21:00:00+01:00,11.86
2023-05-30 22:00:00+01:00,11.41
2023-05-30 23:00:00+01:00,11.19
2023-05-31 00:00:00+01:00,10.96
2023-05-31 01:00:00+01:00,10.77
2023-05-31 02:00:00+01:00,10.22
2023-05-31 03:00:00+01:00,10.34
2023-05-31 04:00:00+01:00,10.42
2023-05-31 05:00:00+01:00,10.82
2023-05-31 06:00:00+01:00,11.08
2023-05-31 07:00:00+01:00,11.27
2023-05-31 08:00:00+01:00,11.42
2023-05-31 09:00:00+01:00,11.93
2023-05-31 10:00:00+01:00,12.96
2023-05-31 11:00:00+01:00,13.75
2023-05-31 12:00:00+01:00,14.34
2023-05-31 13:00:00+01:00,14.4
2023-05-31 14:00:00+01:00,14.94
2023-05-31 15:00:00+01:00,15.09
2023-05-31 16:00:00+01:00,14.68
2023-05-31 17:00:00+01:00,14.02
2023-05-31 18:00:00+01:00,13.19
2023-05-31 19:00:00+01:00,12.52
2023-05-31 20:00:00+01:00,11.51
2023-05-31 21:00:00+01:00,10.97
2023-05-31 22:00:00+01:00,10.72
2023-05-31 23:00:00+01:00,10.39
2023-06-01 00:00:00+01:00,9.47
2023-06-01 01:00:00+01:00,9.21
2023-06-01 02:00:00+01:00,9.38
2023-06-01 03:00:00+01:00,9.14
2023-06-01 04:00:00+01:00,9.08
2023-06-01 05:00:00+01:00,9.69
2023-06-01 06:00:00+01:00,10.13
2023-06-01 07:00:00+01:00,10.58
2023-06-01 08:00:00+01:00,11.1
2023-06-01 09:00:00+01:00,12.01
2023-06-01 10:00:00+01:00,12.9
2023-06-01 11:00:00+01:00,13.58
2023-06-01 12:00:00+01:00,14.16
2023-06-01 13:00:00+01:00,14.54
2023-06-01 14:00:00+01:00,15.01
2023-06-01 15:00:00+01:00,14.89
2023-06-01 16:00:00+01:00,14.38
2023-06-01 17:00:00+01:00,14.25
2023-06-01 18:00:00+01:00,13.39
2023-06-01 19:00:00+01:00,12.77
2023-06-01 20:00:00+01:00,11.98
2023-06-01 21:00:00+01:00,11.58
2023-06-01 22:00:00+01:00,11.27
2023-06-01 23:00:00+01:00,10.92
2023-06-02 00:00:00+01:00,10.59
2023-06-02 01:00:00+01:00,10.29
2023-06-02 02:00:00+01:00,10.04
2023-06-02 03:00:00+01:00,9.7
2023-06-02 04:00:00+01:00,9.34
2023-06-02 05:00:00+01:00,9.4
2023-06-02 06:00:00+01:00,10.15
2023-06-02 07:00:00+01:00,11.17
2023-06-02 08:00:00+01:00,11.58
2023-06-02 09:00:00+01:00,12.41
2023-06-02 10:00:00+01:00,12.97
2023-06-02 11:00:00+01:00,13.51
2023-06-02 12:00:00+01:00,13.92
2023-06-02 13:00:00+01:00,14.74
2023-06-02 14:00:00+01:00,15.04
2023-06-02 15:00:00+01:00,15.11
2023-06-02 16:00:00+01:00,14.81
2023-06-02 17:00:00+01:00,14.26
2023-06-02 18:00:00+01:00,13.83
2023-06-02 19:00:00+01:00,13.42
2023-06-02 20:00:00+01:00,12.81
2023-06-02 21:00:00+01:00,12.07
2023-06-02 22:00:00+01:00,11.28
2023-06-02 23:00:00+01:00,10.6
2023-06-03 00:00:00+01:00,9.68
2023-06-03 01:00:00+01:00,9.06
2023-06-03 02:00:00+01:00,9.05
2023-06-03 03:00:00+01:00,8.78
2023-06-03 04:00:00+01:00,8.97
2023-06-03 05:00:00+01:00,9.17
2023-06-03 06:00:00+01:00,10.19
2023-06-03 07:00:00+01:00,11.11
2023-06-03 08:00:00+01:00,12.4
2023-06-03 09:00:00+01:00,13.78
2023-06-03 10:00:00+01:00,14.88
2023-06-03 11:00:00+01:00,15.85
2023-06-03 12:00:00+01:00,16.66
2023-06-03 13:00:00+01:00,17.1
2023-06-03 14:00:00+01:00,17.56
2023-06-03 15:00:00+01:00,18.27
2023-06-03 16:00:00+01:00,18.28
2023-06-03 17:00:00+01:00,17.03
2023-06-03 18:00:00+01:00,16.43
2023-06-03 19:00:00+01:00,15.24
2023-06-03 20:00:00+01:00,13.77
2023-06-03 21:00:00+01:00,12.47
2023-06-03 22:00:00+01:00,11.33
2023-06-03 23:00:00+01:00,10.57
2023-06-04 00:00:00+01:00,9.83
2023-06-04 01:00:00+01:00,9.48
2023-06-04 02:00:00+01:00,9.32
2023-06-04 03:00:00+01:00,9.06
2023-06-04 04:00:00+01:00,8.79
2023-06-04 05:00:00+01:00,9.19
2023-06-04 06:00:00+01:00,9.88
2023-06-04 07:00:00+01:00,11.07
2023-06-04 08:00:00+01:00,12.06
2023-06-04 09:00:00+01:00,13.43
2023-06-04 10:00:00+01:00,14.6
2023-06-04 11:00:00+01:00,15.37
2023-06-04 12:00:00+01:00,16.0
2023-06-04 13:00:00+01:00,16.43
2023-06-04 14:00:00+01:00,16.76
2023-06-04 15:00:00+01:00,16.82
2023-06-04 16:00:00+01:00,16.68
2023-06-04 17:00:00+01:00,16.41
2023-06-04 18:00:00+01:00,15.71
2023-06-04 19:00:00+01:00,14.76
2023-06-04 20:00:00+01:00,13.18
2023-06-04 21:00:00+01:00,11.75
2023-06-04 22:00:00+01:00,10.73
2023-06-04 23:00:00+01:00,10.26
2023-06-05 00:00:00+01:00,10.5
2023-06-05 01:00:00+01:00,10.33
2023-06-05 02:00:00+01:00,10.46
2023-06-05 03:00:00+01:00,10.51
2023-06-05 04:00:00+01:00,10.34
2023-06-05 05:00:00+01:00,10.61
2023-06-05 06:00:00+01:00,11.11
2023-06-05 07:00:00+01:00,11.59
2023-06-05 08:00:00+01:00,12.16
2023-06-05 09:00:00+01:00,12.56
2023-06-05 10:00:00+01:00,12.81
2023-06-05 11:00:00+01:00,13.17
2023-06-05 12:00:00+01:00,14.08
2023-06-05 13:00:00+01:00,14.8
2023-06-05 14:00:00+01:00,15.41
2023-06-05 15:00:00+01:00,15.85
2023-06-05 16:00:00+01:00,15.78
2023-06-05 17:00:00+01:00,14.72
2023-06-05 18:00:00+01:00,14.57
2023-06-05 19:00:00+01:00,13.57
2023-06-05 20:00:00+01:00,12.86
2023-06-05 21:00:00+01:00,12.01
2023-06-05 22:00:00+01:00,12.12
2023-06-05 23:00:00+01:00,12.03
2023-06-06 00:00:00+01:00,12.02
2023-06-06 01:00:00+01:00,11.3
2023-06-06 02:00:00+01:00,10.76
2023-06-06 03:00:00+01:00,10.7
2023-06-06 04:00:00+01:00,10.84
2023-06-06 05:00:00+01:00,10.95
2023-06-06 06:00:00+01:00,11.02
2023-06-06 07:00:00+01:00,11.25
2023-06-06 08:00:00+01:00,11.54
2023-06-06 09:00:00+01:00,11.87
2023-06-06 10:00:00+01:00,12.46
2023-06-06 11:00:00+01:00,13.18
2023-06-06 12:00:00+01:00,13.7
2023-06-06 13:00:00+01:00,14.07
2023-06-06 14:00:00+01:00,14.48
2023-06-06 15:00:00+01:00,14.25
2023-06-06 16:00:00+01:00,14.0
2023-06-06 17:00:00+01:00,13.94
2023-06-06 18:00:00+01:00,13.53
2023-06-06 19:00:00+01:00,13.29
2023-06-06 20:00:00+01:00,12.35
2023-06-06 21:00:00+01:00,11.63
2023-06-06 22:00:00+01:00,11.78
2023-06-06 23:00:00+01:00,11.44
2023-06-07 00:00:00+01:00,10.99
2023-06-07 01:00:00+01:00,10.46
2023-06-07 02:00:00+01:00,10.15
2023-06-07 03:00:00+01:00,9.89
2023-06-07 04:00:00+01:00,9.68
2023-06-07 05:00:00+01:00,10.19
2023-06-07 06:00:00+01:00,10.56
2023-06-07 07:00:00+01:00,11.51
2023-06-07 08:00:00+01:00,12.12
2023-06-07 09:00:00+01:00,12.8
2023-06-07 10:00:00+01:00,13.64
2023-06-07 11:00:00+01:00,14.81
2023-06-07 12:00:00+01:00,15.91
2023-06-07 13:00:00+01:00,16.62
2023-06-07 14:00:00+01:00,17.3
2023-06-07 15:00:00+01:00,17.23
2023-06-07 16:00:00+01:00,16.61
2023-06-07 17:00:00+01:00,16.21
2023-06-07 18:00:00+01:00,15.25
2023-06-07 19:00:00+01:00,14.36
2023-06-07 20:00:00+01:00,13.16
2023-06-07 21:00:00+01:00,12.12
2023-06-07 22:00:00+01:00,11.23
2023-06-07 23:00:00+01:00,10.63
2023-06-08 00:00:00+01:00,10.63
2023-06-08 01:00:00+01:00,10.25
2023-06-08 02:00:00+01:00,10.06
2023-06-08 03:00:00+01:00,9.89
2023-06-08 04:00:00+01:00,9.72
2023-06-08 05:00:00+01:00,9.68
2023-06-08 06:00:00+01:00,10.36
2023-06-08 07:00:00+01:00,11.32
2023-06-08 08:00:00+01:00,12.43
2023-06-08 09:00:00+01:00,13.26
2023-06-08 10:00:00+01:00,14.37
2023-06-08 11:00:00+01:00,15.44
2023-06-08 12:00:00+01:00,16.32
2023-06-08 13:00:00+01:00,16.82
2023-06-08 14:00:00+01:00,17.32
2023-06-08 15:00:00+01:00,17.14
2023-06-08 16:00:00+01:00,16.98
2023-06-08 17:00:00+01:00,16.73
2023-06-08 18:00:00+01:00,15.97
2023-06-08 19:00:00+01:00,14.86
2023-06-08 20:00:00+01:00,14.12
2023-06-08 21:00:00+01:00,13.39
2023-06-08 22:00:00+01:00,12.75
2023-06-08 23:00:00+01:00,12.08
2023-06-09 00:00:00+01:00,11.68
2023-06-09 01:00:00+01:00,11.35
2023-06-09 02:00:00+01:00,11.1
2023-06-09 03:00:00+01:00,10.8
2023-06-09 04:00:00+01:00,10.68
2023-06-09 05:00:00+01:00,10.72
2023-06-09 06:00:00+01:00,11.53
2023-06-09 07:00:00+01:00,12.73
2023-06-09 08:00:00+01:00,13.99
2023-06-09 09:00:00+01:00,15.45
2023-06-09 10:00:00+01:00,16.94
2023-06-09 11:00:00+01:00,18.02
2023-06-09 12:00:00+01:00,19.23
2023-06-09 13:00:00+01:00,19.82
2023-06-09 14:00:00+01:00,20.35
2023-06-09 15:00:00+01:00,20.48
2023-06-09 16:00:00+01:00,20.54
2023-06-09 17:00:00+01:00,19.83
2023-06-09 18:00:00+01:00,19.23
2023-06-09 19:00:00+01:00,18.18
2023-06-09 20:00:00+01:00,16.4
2023-06-09 21:00:00+01:00,15.1
2023-06-09 22:00:00+01:00,13.87
2023-06-09 23:00:00+01:00,13.57
2023-06-10 00:00:00+01:00,13.0
2023-06-10 01:00:00+01:00,12.98
2023-06-10 02:00:00+01:00,13.89
2023-06-10 03:00:00+01:00,13.4
2023-06-10 04:00:00+01:00,13.25
2023-06-10 05:00:00+01:00,13.34
2023-06-10 06:00:00+01:00,14.92
2023-06-10 07:00:00+01:00,16.77
2023-06-10 08:00:00+01:00,18.73
2023-06-10 09:00:00+01:00,20.88
2023-06-10 10:00:00+01:00,22.81
2023-06-10 11:00:00+01:00,24.35
2023-06-10 12:00:00+01:00,25.51
2023-06-10 13:00:00+01:00,26.48
2023-06-10 14:00:00+01:00,27.05
2023-06-10 15:00:00+01:00,27.26
2023-06-10 16:00:00+01:00,27.23
2023-06-10 17:00:00+01:00,26.03
2023-06-10 18:00:00+01:00,25.13
2023-06-10 19:00:00+01:00,24.02
2023-06-10 20:00:00+01:00,21.93
2023-06-10 21:00:00+01:00,19.86
2023-06-10 22:00:00+01:00,18.62
2023-06-10 23:00:00+01:00,17.55
2023-06-11 00:00:00+01:00,16.32
2023-06-11 01:00:00+01:00,15.84
2023-06-11 02:00:00+01:00,15.42
2023-06-11 03:00:00+01:00,15.55
2023-06-11 04:00:00+01:00,14.93
2023-06-11 05:00:00+01:00,15.26
2023-06-11 06:00:00+01:00,15.96
2023-06-11 07:00:00+01:00,17.61
2023-06-11 08:00:00+01:00,19.4
2023-06-11 09:00:00+01:00,21.36
2023-06-11 10:00:00+01:00,23.0
2023-06-11 11:00:00+01:00,24.56
2023-06-11 12:00:00+01:00,26.31
2023-06-11 13:00:00+01:00,27.75
2023-06-11 14:00:00+01:00,28.88
2023-06-11 15:00:00+01:00,28.93
2023-06-11 16:00:00+01:00,28.68
2023-06-11 17:00:00+01:00,28.23
2023-06-11 18:00:00+01:00,27.5
2023-06-11 19:00:00+01:00,26.25
2023-06-11 20:00:00+01:00,24.89
2023-06-11 21:00:00+01:00,22.61
2023-06-11 22:00:00+01:00,20.53
2023-06-11 23:00:00+01:00,19.19
2023-06-12 00:00:00+01:00,17.92
2023-06-12 01:00:00+01:00,17.03
2023-06-12 02:00:00+01:00,15.94
2023-06-12 03:00:00+01:00,15.29
2023-06-12 04:00:00+01:00,14.75
2023-06-12 05:00:00+01:00,14.75
2023-06-12 06:00:00+01:00,15.47
2023-06-12 07:00:00+01:00,16.74
2023-06-12 08:00:00+01:00,18.24
2023-06-12 09:00:00+01:00,20.35
2023-06-12 10:00:00+01:00,22.53
2023-06-12 11:00:00+01:00,25.03
2023-06-12 12:00:00+01:00,26.68
2023-06-12 13:00:00+01:00,27.52
2023-06-12 14:00:00+01:00,27.1
2023-06-12 15:00:00+01:00,26.5
2023-06-12 16:00:00+01:00,27.34
2023-06-12 17:00:00+01:00,27.25
2023-06-12 18:00:00+01:00,25.91
2023-06-12 19:00:00+01:00,24.62
2023-06-12 20:00:00+01:00,23.08
2023-06-12 21:00:00+01:00,20.9
2023-06-12 22:00:00+01:00,18.66
2023-06-12 23:00:00+01:00,16.98
2023-06-13 00:00:00+01:00,15.74
2023-06-13 01:00:00+01:00,15.28
2023-06-13 02:00:00+01:00,14.11
2023-06-13 03:00:00+01:00,13.51
2023-06-13 04:00:00+01:00,13.26
2023-06-13 05:00:00+01:00,13.25
2023-06-13 06:00:00+01:00,14.41
2023-06-13 07:00:00+01:00,15.9
2023-06-13 08:00:00+01:00,17.81
2023-06-13 09:00:00+01:00,20.28
2023-06-13 10:00:00+01:00,22.35
2023-06-13 11:00:00+01:00,23.96
2023-06-13 12:00:00+01:00,25.04
2023-06-13 13:00:00+01:00,26.3
2023-06-13 14:00:00+01:00,26.57
2023-06-13 15:00:00+01:00,26.28
2023-06-13 16:00:00+01:00,25.68
2023-06-13 17:00:00+01:00,24.29
2023-06-13 18:00:00+01:00,22.98
2023-06-13 19:00:00+01:00,21.46
2023-06-13 20:00:00+01:00,18.97
2023-06-13 21:00:00+01:00,16.48
2023-06-13 22:00:00+01:00,14.21
2023-06-13 23:00:00+01:00,13.18
2023-06-14 00:00:00+01:00,12.81
2023-06-14 01:00:00+01:00,12.55
2023-06-14 02:00:00+01:00,12.2
2023-06-14 03:00:00+01:00,11.85
2023-06-14 04:00:00+01:00,11.96
2023-06-14 05:00:00+01:00,11.88
2023-06-14 06:00:00+01:00,12.98
2023-06-14 07:00:00+01:00,14.67
2023-06-14 08:00:00+01:00,17.02
2023-06-14 09:00:00+01:00,18.93
2023-06-14 10:00:00+01:00,20.79
2023-06-14 11:00:00+01:00,22.05
2023-06-14 12:00:00+01:00,23.14
2023-06-14 13:00:00+01:00,23.19
2023-06-14 14:00:00+01:00,23.77
2023-06-14 15:00:00+01:00,23.86
2023-06-14 16:00:00+01:00,23.51
2023-06-14 17:00:00+01:00,23.33
2023-06-14 18:00:00+01:00,22.42
2023-06-14 19:00:00+01:00,21.6
2023-06-14 20:00:00+01:00,20.08
2023-06-14 21:00:00+01:00,18.24
2023-06-14 22:00:00+01:00,16.37
2023-06-14 23:00:00+01:00,15.12
2023-06-15 00:00:00+01:00,14.09
2023-06-15 01:00:00+01:00,13.56
2023-06-15 02:00:00+01:00,12.87
2023-06-15 03:00:00+01:00,12.54
2023-06-15 04:00:00+01:00,12.37
2023-06-15 05:00:00+01:00,12.43
2023-06-15 06:00:00+01:00,13.68
2023-06-15 07:00:00+01:00,14.78
2023-06-15 08:00:00+01:00,16.75
2023-06-15 09:00:00+01:00,18.78
2023-06-15 10:00:00+01:00,20.69
2023-06-15 11:00:00+01:00,22.13
2023-06-15 12:00:00+01:00,23.03
2023-06-15 13:00:00+01:00,23.59
2023-06-15 14:00:00+01:00,23.92
2023-06-15 15:00:00+01:00,23.81
2023-06-15 16:00:00+01:00,23.94
2023-06-15 17:00:00+01:00,23.66
2023-06-15 18:00:00+01:00,23.1
2023-06-15 19:00:00+01:00,21.98
2023-06-15 20:00:00+01:00,20.85
2023-06-15 21:00:00+01:00,18.93
2023-06-15 22:00:00+01:00,17.23
2023-06-15 23:00:00+01:00,15.72
2023-06-16 00:00:00+01:00,14.44
2023-06-16 01:00:00+01:00,13.34
2023-06-16 02:00:00+01:00,12.27
2023-06-16 03:00:00+01:00,11.34
2023-06-16 04:00:00+01:00,10.97
2023-06-16 05:00:00+01:00,10.8
2023-06-16 06:00:00+01:00,12.36
2023-06-16 07:00:00+01:00,14.34
2023-06-16 08:00:00+01:00,16.38
2023-06-16 09:00:00+01:00,18.49
2023-06-16 10:00:00+01:00,20.6
2023-06-16 11:00:00+01:00,21.85
2023-06-16 12:00:00+01:00,23.01
2023-06-16 13:00:00+01:00,23.55
2023-06-16 14:00:00+01:00,23.54
2023-06-16 15:00:00+01:00,23.98
2023-06-16 16:00:00+01:00,23.79
2023-06-16 17:00:00+01:00,23.22
2023-06-16 18:00:00+01:00,22.67
2023-06-16 19:00:00+01:00,21.91
2023-06-16 20:00:00+01:00,20.68
2023-06-16 21:00:00+01:00,18.69
2023-06-16 22:00:00+01:00,16.56
2023-06-16 23:00:00+01:00,15.08
2023-06-17 00:00:00+01:00,13.99
2023-06-17 01:00:00+01:00,12.99
2023-06-17 02:00:00+01:00,12.01
2023-06-17 03:00:00+01:00,11.04
2023-06-17 04:00:00+01:00,9.87
2023-06-17 05:00:00+01:00,9.49
2023-06-17 06:00:00+01:00,11.44
2023-06-17 07:00:00+01:00,14.12
2023-06-17 08:00:00+01:00,16.57
2023-06-17 09:00:00+01:00,18.28
2023-06-17 10:00:00+01:00,20.16
2023-06-17 11:00:00+01:00,21.35
2023-06-17 12:00:00+01:00,22.15
2023-06-17 13:00:00+01:00,22.68
2023-06-17 14:00:00+01:00,23.35
2023-06-17 15:00:00+01:00,23.58
2023-06-17 16:00:00+01:00,22.88
2023-06-17 17:00:00+01:00,22.82
2023-06-17 18:00:00+01:00,22.65
2023-06-17 19:00:00+01:00,21.76
2023-06-17 20:00:00+01:00,20.32
2023-06-17 21:00:00+01:00,18.63
2023-06-17 22:00:00+01:00,17.33
2023-06-17 23:00:00+01:00,16.36
2023-06-18 00:00:00+01:00,15.48
2023-06-18 01:00:00+01:00,14.59
2023-06-18 02:00:00+01:00,14.03
2023-06-18 03:00:00+01:00,14.05
2023-06-18 04:00:00+01:00,14.26
2023-06-18 05:00:00+01:00,14.51
2023-06-18 06:00:00+01:00,14.95
2023-06-18 07:00:00+01:00,15.53
2023-06-18 08:00:00+01:00,17.14
2023-06-18 09:00:00+01:00,18.54
2023-06-18 10:00:00+01:00,20.17
2023-06-18 11:00:00+01:00,21.25
2023-06-18 12:00:00+01:00,22.68
2023-06-18 13:00:00+01:00,23.85
2023-06-18 14:00:00+01:00,24.68
2023-06-18 15:00:00+01:00,24.37
2023-06-18 16:00:00+01:00,24.52
2023-06-18 17:00:00+01:00,23.67
2023-06-18 18:00:00+01:00,21.95
2023-06-18 19:00:00+01:00,20.66
2023-06-18 20:00:00+01:00,19.81
2023-06-18 21:00:00+01:00,18.72
2023-06-18 22:00:00+01:00,17.89
2023-06-18 23:00:00+01:00,17.81
2023-06-19 00:00:00+01:00,17.65
2023-06-19 01:00:00+01:00,17.03
2023-06-19 02:00:00+01:00,16.28
2023-06-19 03:00:00+01:00,16.25
2023-06-19 04:00:00+01:00,15.82
2023-06-19 05:00:00+01:00,15.4
2023-06-19 06:00:00+01:00,15.29
2023-06-19 07:00:00+01:00,15.93
2023-06-19 08:00:00+01:00,16.71
2023-06-19 09:00:00+01:00,17.96
2023-06-19 10:00:00+01:00,19.85
2023-06-19 11:00:00+01:00,20.93
2023-06-19 12:00:00+01:00,21.81
2023-06-19 13:00:00+01:00,22.74
2023-06-19 14:00:00+01:00,23.77
2023-06-19 15:00:00+01:00,24.21
2023-06-19 16:00:00+01:00,23.93
2023-06-19 17:00:00+01:00,23.72
2023-06-19 18:00:00+01:00,23.71
2023-06-19 19:00:00+01:00,23.22
2023-06-19 20:00:00+01:00,22.05
2023-06-19 21:00:00+01:00,20.27
2023-06-19 22:00:00+01:00,18.78
2023-06-19 23:00:00+01:00,18.07
2023-06-20 00:00:00+01:00,17.1
2023-06-20 01:00:00+01:00,16.23
2023-06-20 02:00:00+01:00,15.55
2023-06-20 03:00:00+01:00,15.28
2023-06-20 04:00:00+01:00,15.21
2023-06-20 05:00:00+01:00,15.21
2023-06-20 06:00:00+01:00,16.03
2023-06-20 07:00:00+01:00,17.02
2023-06-20 08:00:00+01:00,17.45
2023-06-20 09:00:00+01:00,17.78
2023-06-20 10:00:00+01:00,18.46
2023-06-20 11:00:00+01:00,20.0
2023-06-20 12:00:00+01:00,20.7
2023-06-20 13:00:00+01:00,21.76
2023-06-20 14:00:00+01:00,23.4
2023-06-20 15:00:00+01:00,24.14
2023-06-20 16:00:00+01:00,24.08
2023-06-20 17:00:00+01:00,23.65
2023-06-20 18:00:00+01:00,22.54
2023-06-20 19:00:00+01:00,21.63
2023-06-20 20:00:00+01:00,20.14
2023-06-20 21:00:00+01:00,18.99
2023-06-20 22:00:00+01:00,17.48
2023-06-20 23:00:00+01:00,17.09
2023-06-21 00:00:00+01:00,16.36
2023-06-21 01:00:00+01:00,15.7
2023-06-21 02:00:00+01:00,14.76
2023-06-21 03:00:00+01:00,14.43
2023-06-21 04:00:00+01:00,14.11
2023-06-21 05:00:00+01:00,13.75
2023-06-21 06:00:00+01:00,14.38
2023-06-21 07:00:00+01:00,15.54
2023-06-21 08:00:00+01:00,16.98
2023-06-21 09:00:00+01:00,18.33
2023-06-21 10:00:00+01:00,19.83
2023-06-21 11:00:00+01:00,20.73
2023-06-21 12:00:00+01:00,21.71
2023-06-21 13:00:00+01:00,22.53
2023-06-21 14:00:00+01:00,23.55
2023-06-21 15:00:00+01:00,23.96
2023-06-21 16:00:00+01:00,24.46
2023-06-21 17:00:00+01:00,24.44
2023-06-21 18:00:00+01:00,24.05
2023-06-21 19:00:00+01:00,23.3
2023-06-21 20:00:00+01:00,22.33
2023-06-21 21:00:00+01:00,20.23
2023-06-21 22:00:00+01:00,18.76
2023-06-21 23:00:00+01:00,18.07
2023-06-22 00:00:00+01:00,17.45
2023-06-22 01:00:00+01:00,16.78
2023-06-22 02:00:00+01:00,16.02
2023-06-22 03:00:00+01:00,15.56
2023-06-22 04:00:00+01:00,15.29
2023-06-22 05:00:00+01:00,15.1
2023-06-22 06:00:00+01:00,15.89
2023-06-22 07:00:00+01:00,17.09
2023-06-22 08:00:00+01:00,18.34
2023-06-22 09:00:00+01:00,19.91
2023-06-22 10:00:00+01:00,21.4
2023-06-22 11:00:00+01:00,22.6
2023-06-22 12:00:00+01:00,23.62
2023-06-22 13:00:00+01:00,23.61
2023-06-22 14:00:00+01:00,23.57
2023-06-22 15:00:00+01:00,23.31
2023-06-22 16:00:00+01:00,23.07
2023-06-22 17:00:00+01:00,22.96
2023-06-22 18:00:00+01:00,22.29
2023-06-22 19:00:00+01:00,21.59
2023-06-22 20:00:00+01:00,20.34
2023-06-22 21:00:00+01:00,18.83
2023-06-22 22:00:00+01:00,16.87
2023-06-22 23:00:00+01:00,16.3
2023-06-23 00:00:00+01:00,15.64
2023-06-23 01:00:00+01:00,15.07
2023-06-23 02:00:00+01:00,14.52
2023-06-23 03:00:00+01:00,14.19
2023-06-23 04:00:00+01:00,14.02
2023-06-23 05:00:00+01:00,14.18
2023-06-23 06:00:00+01:00,15.05
2023-06-23 07:00:00+01:00,16.47
2023-06-23 08:00:00+01:00,18.11
2023-06-23 09:00:00+01:00,19.94
2023-06-23 10:00:00+01:00,21.23
2023-06-23 11:00:00+01:00,22.36
2023-06-23 12:00:00+01:00,23.05
2023-06-23 13:00:00+01:00,24.09
2023-06-23 14:00:00+01:00,24.54
2023-06-23 15:00:00+01:00,25.1
2023-06-23 16:00:00+01:00,24.86
2023-06-23 17:00:00+01:00,24.29
2023-06-23 18:00:00+01:00,23.78
2023-06-23 19:00:00+01:00,23.06
2023-06-23 20:00:00+01:00,22.14
2023-06-23 21:00:00+01:00,20.9
2023-06-23 22:00:00+01:00,19.97
2023-06-23 23:00:00+01:00,19.33
2023-06-24 00:00:00+01:00,18.17
2023-06-24 01:00:00+01:00,17.51
2023-06-24 02:00:00+01:00,16.89
2023-06-24 03:00:00+01:00,16.41
2023-06-24 04:00:00+01:00,16.05
2023-06-24 05:00:00+01:00,15.44
2023-06-24 06:00:00+01:00,16.45
2023-06-24 07:00:00+01:00,17.53
2023-06-24 08:00:00+01:00,19.34
2023-06-24 09:00:00+01:00,20.84
2023-06-24 10:00:00+01:00,22.23
2023-06-24 11:00:00+01:00,23.23
2023-06-24 12:00:00+01:00,24.19
2023-06-24 13:00:00+01:00,24.67
2023-06-24 14:00:00+01:00,25.38
2023-06-24 15:00:00+01:00,26.13
2023-06-24 16:00:00+01:00,26.56
2023-06-24 17:00:00+01:00,26.62
2023-06-24 18:00:00+01:00,26.32
2023-06-24 19:00:00+01:00,25.7
2023-06-24 20:00:00+01:00,24.99
2023-06-24 21:00:00+01:00,23.84
2023-06-24 22:00:00+01:00,21.91
2023-06-24 23:00:00+01:00,21.08
2023-06-25 00:00:00+01:00,20.17
2023-06-25 01:00:00+01:00,19.25
2023-06-25 02:00:00+01:00,18.63
2023-06-25 03:00:00+01:00,18.04
2023-06-25 04:00:00+01:00,17.56
2023-06-25 05:00:00+01:00,17.12
2023-06-25 06:00:00+01:00,17.55
2023-06-25 07:00:00+01:00,18.57
2023-06-25 08:00:00+01:00,20.06
2023-06-25 09:00:00+01:00,22.05
2023-06-25 10:00:00+01:00,24.11
2023-06-25 11:00:00+01:00,25.81
2023-06-25 12:00:00+01:00,27.4
2023-06-25 13:00:00+01:00,28.73
2023-06-25 14:00:00+01:00,29.34
2023-06-25 15:00:00+01:00,29.84
2023-06-25 16:00:00+01:00,29.67
2023-06-25 17:00:00+01:00,29.24
2023-06-25 18:00:00+01:00,28.16
2023-06-25 19:00:00+01:00,26.75
2023-06-25 20:00:00+01:00,24.19
2023-06-25 21:00:00+01:00,21.56
2023-06-25 22:00:00+01:00,19.93
2023-06-25 23:00:00+01:00,18.99
2023-06-26 00:00:00+01:00,17.81
2023-06-26 01:00:00+01:00,16.54
2023-06-26 02:00:00+01:00,15.47
2023-06-26 03:00:00+01:00,14.49
2023-06-26 04:00:00+01:00,13.85
2023-06-26 05:00:00+01:00,13.54
2023-06-26 06:00:00+01:00,13.76
2023-06-26 07:00:00+01:00,14.7
2023-06-26 08:00:00+01:00,15.78
2023-06-26 09:00:00+01:00,17.21
2023-06-26 10:00:00+01:00,18.55
2023-06-26 11:00:00+01:00,19.57
2023-06-26 12:00:00+01:00,20.5
2023-06-26 13:00:00+01:00,21.54
2023-06-26 14:00:00+01:00,21.51
2023-06-26 15:00:00+01:00,21.71
2023-06-26 16:00:00+01:00,21.85
2023-06-26 17:00:00+01:00,20.97
2023-06-26 18:00:00+01:00,20.6
2023-06-26 19:00:00+01:00,19.99
2023-06-26 20:00:00+01:00,19.75
2023-06-26 21:00:00+01:00,18.38
2023-06-26 22:00:00+01:00,16.96
2023-06-26 23:00:00+01:00,15.54
2023-06-27 00:00:00+01:00,15.03
2023-06-27 01:00:00+01:00,14.16
2023-06-27 02:00:00+01:00,13.59
2023-06-27 03:00:00+01:00,13.03
2023-06-27 04:00:00+01:00,12.69
2023-06-27 05:00:00+01:00,12.19
2023-06-27 06:00:00+01:00,12.94
2023-06-27 07:00:00+01:00,13.91
2023-06-27 08:00:00+01:00,15.37
2023-06-27 09:00:00+01:00,17.0
2023-06-27 10:00:00+01:00,18.45
2023-06-27 11:00:00+01:00,19.31
2023-06-27 12:00:00+01:00,20.08
2023-06-27 13:00:00+01:00,19.62
2023-06-27 14:00:00+01:00,20.08
2023-06-27 15:00:00+01:00,20.36
2023-06-27 16:00:00+01:00,20.54
2023-06-27 17:00:00+01:00,20.87
2023-06-27 18:00:00+01:00,20.73
2023-06-27 19:00:00+01:00,20.0
2023-06-27 20:00:00+01:00,19.59
2023-06-27 21:00:00+01:00,19.3
2023-06-27 22:00:00+01:00,18.95
2023-06-27 23:00:00+01:00,18.31
2023-06-28 00:00:00+01:00,17.67
2023-06-28 01:00:00+01:00,17.28
2023-06-28 02:00:00+01:00,17.02
2023-06-28 03:00:00+01:00,16.93
2023-06-28 04:00:00+01:00,16.58
2023-06-28 05:00:00+01:00,16.14
2023-06-28 06:00:00+01:00,16.74
2023-06-28 07:00:00+01:00,17.95
2023-06-28 08:00:00+01:00,19.16
2023-06-28 09:00:00+01:00,20.22
2023-06-28 10:00:00+01:00,20.94
2023-06-28 11:00:00+01:00,22.05
2023-06-28 12:00:00+01:00,23.05
2023-06-28 13:00:00+01:00,23.15
2023-06-28 14:00:00+01:00,23.73
2023-06-28 15:00:00+01:00,24.31
2023-06-28 16:00:00+01:00,24.39
2023-06-28 17:00:00+01:00,24.46
2023-06-28 18:00:00+01:00,24.06
2023-06-28 19:00:00+01:00,23.14
2023-06-28 20:00:00+01:00,22.25
2023-06-28 21:00:00+01:00,21.15
2023-06-28 22:00:00+01:00,20.2
2023-06-28 23:00:00+01:00,19.54
2023-06-29 00:00:00+01:00,18.75
2023-06-29 01:00:00+01:00,18.1
2023-06-29 02:00:00+01:00,17.36
2023-06-29 03:00:00+01:00,16.51
2023-06-29 04:00:00+01:00,15.71
2023-06-29 05:00:00+01:00,15.04
2023-06-29 06:00:00+01:00,15.2
2023-06-29 07:00:00+01:00,15.08
2023-06-29 08:00:00+01:00,15.36
2023-06-29 09:00:00+01:00,15.49
2023-06-29 10:00:00+01:00,16.17
2023-06-29 11:00:00+01:00,17.52
2023-06-29 12:00:00+01:00,18.99
2023-06-29 13:00:00+01:00,19.9
2023-06-29 14:00:00+01:00,20.43
2023-06-29 15:00:00+01:00,20.77
2023-06-29 16:00:00+01:00,20.76
2023-06-29 17:00:00+01:00,20.75
2023-06-29 18:00:00+01:00,20.24
2023-06-29 19:00:00+01:00,19.75
2023-06-29 20:00:00+01:00,18.62
2023-06-29 21:00:00+01:00,16.84
2023-06-29 22:00:00+01:00,15.04
2023-06-29 23:00:00+01:00,13.79
2023-06-30 00:00:00+01:00,13.06
2023-06-30 01:00:00+01:00,12.03
2023-06-30 02:00:00+01:00,11.12
2023-06-30 03:00:00+01:00,10.37
2023-06-30 04:00:00+01:00,10.03
2023-06-30 05:00:00+01:00,10.17
2023-06-30 06:00:00+01:00,11.0
2023-06-30 07:00:00+01:00,12.24
2023-06-30 08:00:00+01:00,13.69
2023-06-30 09:00:00+01:00,15.52
2023-06-30 10:00:00+01:00,16.97
2023-06-30 11:00:00+01:00,17.75
2023-06-30 12:00:00+01:00,18.67
2023-06-30 13:00:00+01:00,18.96
2023-06-30 14:00:00+01:00,18.91
2023-06-30 15:00:00+01:00,18.55
2023-06-30 16:00:00+01:00,17.99
2023-06-30 17:00:00+01:00,18.11
2023-06-30 18:00:00+01:00,17.8
2023-06-30 19:00:00+01:00,17.52
2023-06-30 20:00:00+01:00,17.17
2023-06-30 21:00:00+01:00,17.18
2023-06-30 22:00:00+01:00,17.01
2023-06-30 23:00:00+01:00,16.77
2023-07-01 00:00:00+01:00,16.44
2023-07-01 01:00:00+01:00,16.61
2023-07-01 02:00:00+01:00,16.48
2023-07-01 03:00:00+01:00,15.97
2023-07-01 04:00:00+01:00,15.9
2023-07-01 05:00:00+01:00,15.87
2023-07-01 06:00:00+01:00,16.04
2023-07-01 07:00:00+01:00,16.42
2023-07-01 08:00:00+01:00,16.61
2023-07-01 09:00:00+01:00,17.77
2023-07-01 10:00:00+01:00,18.59
2023-07-01 11:00:00+01:00,18.54
2023-07-01 12:00:00+01:00,18.97
2023-07-01 13:00:00+01:00,19.27
2023-07-01 14:00:00+01:00,19.55
2023-07-01 15:00:00+01:00,20.35
2023-07-01 16:00:00+01:00,20.79
2023-07-01 17:00:00+01:00,20.17
2023-07-01 18:00:00+01:00,19.81
2023-07-01 19:00:00+01:00,18.86
2023-07-01 20:00:00+01:00,17.61
2023-07-01 21:00:00+01:00,16.46
2023-07-01 22:00:00+01:00,15.55
2023-07-01 23:00:00+01:00,14.53
2023-07-02 00:00:00+01:00,13.75
2023-07-02 01:00:00+01:00,13.22
2023-07-02 02:00:00+01:00,12.69
2023-07-02 03:00:00+01:00,12.39
2023-07-02 04:00:00+01:00,12.09
2023-07-02 05:00:00+01:00,11.64
2023-07-02 06:00:00+01:00,11.86
2023-07-02 07:00:00+01:00,12.64
2023-07-02 08:00:00+01:00,14.05
2023-07-02 09:00:00+01:00,15.0
2023-07-02 10:00:00+01:00,16.28
2023-07-02 11:00:00+01:00,17.22
2023-07-02 12:00:00+01:00,18.25
2023-07-02 13:00:00+01:00,18.63
2023-07-02 14:00:00+01:00,19.31
2023-07-02 15:00:00+01:00,19.48
2023-07-02 16:00:00+01:00,19.67
2023-07-02 17:00:00+01:00,19.29
2023-07-02 18:00:00+01:00,19.11
2023-07-02 19:00:00+01:00,18.4
2023-07-02 20:00:00+01:00,17.12
2023-07-02 21:00:00+01:00,15.89
2023-07-02 22:00:00+01:00,14.81
2023-07-02 23:00:00+01:00,14.07
2023-07-03 00:00:00+01:00,13.1
2023-07-03 01:00:00+01:00,12.22
2023-07-03 02:00:00+01:00,12.04
2023-07-03 03:00:00+01:00,11.77
2023-07-03 04:00:00+01:00,11.18
2023-07-03 05:00:00+01:00,10.95
2023-07-03 06:00:00+01:00,11.35
2023-07-03 07:00:00+01:00,12.21
2023-07-03 08:00:00+01:00,13.53
2023-07-03 09:00:00+01:00,14.79
2023-07-03 10:00:00+01:00,15.68
2023-07-03 11:00:00+01:00,16.78
2023-07-03 12:00:00+01:00,17.39
2023-07-03 13:00:00+01:00,17.79
2023-07-03 14:00:00+01:00,17.57
2023-07-03 15:00:00+01:00,17.27
2023-07-03 16:00:00+01:00,17.55
2023-07-03 17:00:00+01:00,17.16
2023-07-03 18:00:00+01:00,17.21
2023-07-03 19:00:00+01:00,16.79
2023-07-03 20:00:00+01:00,15.88
2023-07-03 21:00:00+01:00,14.74
2023-07-03 22:00:00+01:00,13.75
2023-07-03 23:00:00+01:00,12.91
2023-07-04 00:00:00+01:00,12.49
2023-07-04 01:00:00+01:00,11.86
2023-07-04 02:00:00+01:00,11.14
2023-07-04 03:00:00+01:00,11.03
2023-07-04 04:00:00+01:00,10.84
2023-07-04 05:00:00+01:00,10.96
2023-07-04 06:00:00+01:00,11.4
2023-07-04 07:00:00+01:00,12.35
2023-07-04 08:00:00+01:00,13.86
2023-07-04 09:00:00+01:00,15.27
2023-07-04 10:00:00+01:00,16.41
2023-07-04 11:00:00+01:00,17.5
2023-07-04 12:00:00+01:00,18.1
2023-07-04 13:00:00+01:00,18.34
2023-07-04 14:00:00+01:00,17.86
2023-07-04 15:00:00+01:00,18.02
2023-07-04 16:00:00+01:00,17.57
2023-07-04 17:00:00+01:00,16.31
2023-07-04 18:00:00+01:00,15.85
2023-07-04 19:00:00+01:00,14.93
2023-07-04 20:00:00+01:00,14.36
2023-07-04 21:00:00+01:00,13.68
2023-07-04 22:00:00+01:00,13.04
2023-07-04 23:00:00+01:00,12.49
2023-07-05 00:00:00+01:00,12.13
2023-07-05 01:00:00+01:00,11.65
2023-07-05 02:00:00+01:00,11.25
2023-07-05 03:00:00+01:00,11.25
2023-07-05 04:00:00+01:00,11.45
2023-07-05 05:00:00+01:00,11.56
2023-07-05 06:00:00+01:00,11.8
2023-07-05 07:00:00+01:00,12.54
2023-07-05 08:00:00+01:00,13.54
2023-07-05 09:00:00+01:00,14.73
2023-07-05 10:00:00+01:00,15.65
2023-07-05 11:00:00+01:00,16.74
2023-07-05 12:00:00+01:00,17.88
2023-07-05 13:00:00+01:00,18.63
2023-07-05 14:00:00+01:00,18.77
2023-07-05 15:00:00+01:00,18.83
2023-07-05 16:00:00+01:00,19.22
2023-07-05 17:00:00+01:00,19.03
2023-07-05 18:00:00+01:00,18.52
2023-07-05 19:00:00+01:00,17.93
2023-07-05 20:00:00+01:00,17.17
2023-07-05 21:00:00+01:00,15.58
2023-07-05 22:00:00+01:00,14.73
2023-07-05 23:00:00+01:00,14.14
2023-07-06 00:00:00+01:00,13.45
2023-07-06 01:00:00+01:00,12.29
2023-07-06 02:00:00+01:00,11.3
2023-07-06 03:00:00+01:00,10.77
2023-07-06 04:00:00+01:00,10.56
2023-07-06 05:00:00+01:00,10.63
2023-07-06 06:00:00+01:00,10.99
2023-07-06 07:00:00+01:00,11.92
2023-07-06 08:00:00+01:00,13.46
2023-07-06 09:00:00+01:00,15.26
2023-07-06 10:00:00+01:00,16.87
2023-07-06 11:00:00+01:00,17.79
2023-07-06 12:00:00+01:00,19.14
2023-07-06 13:00:00+01:00,19.3
2023-07-06 14:00:00+01:00,20.0
2023-07-06 15:00:00+01:00,20.43
2023-07-06 16:00:00+01:00,21.2
2023-07-06 17:00:00+01:00,21.55
2023-07-06 18:00:00+01:00,21.22
2023-07-06 19:00:00+01:00,20.69
2023-07-06 20:00:00+01:00,19.46
2023-07-06 21:00:00+01:00,18.31
2023-07-06 22:00:00+01:00,16.59
2023-07-06 23:00:00+01:00,15.34
2023-07-07 00:00:00+01:00,14.5
2023-07-07 01:00:00+01:00,13.51
2023-07-07 02:00:00+01:00,12.66
2023-07-07 03:00:00+01:00,11.96
2023-07-07 04:00:00+01:00,11.7
2023-07-07 05:00:00+01:00,11.6
2023-07-07 06:00:00+01:00,12.5
2023-07-07 07:00:00+01:00,14.32
2023-07-07 08:00:00+01:00,16.42
2023-07-07 09:00:00+01:00,18.75
2023-07-07 10:00:00+01:00,20.95
2023-07-07 11:00:00+01:00,22.7
2023-07-07 12:00:00+01:00,24.21
2023-07-07 13:00:00+01:00,25.51
2023-07-07 14:00:00+01:00,26.3
2023-07-07 15:00:00+01:00,27.4
2023-07-07 16:00:00+01:00,27.51
2023-07-07 17:00:00+01:00,27.13
2023-07-07 18:00:00+01:00,26.34
2023-07-07 19:00:00+01:00,25.45
2023-07-07 20:00:00+01:00,24.0
2023-07-07 21:00:00+01:00,22.06
2023-07-07 22:00:00+01:00,20.6
2023-07-07 23:00:00+01:00,19.7
2023-07-08 00:00:00+01:00,19.07
2023-07-08 01:00:00+01:00,18.67
2023-07-08 02:00:00+01:00,18.18
2023-07-08 03:00:00+01:00,17.81
2023-07-08 04:00:00+01:00,17.63
2023-07-08 05:00:00+01:00,17.77
2023-07-08 06:00:00+01:00,18.35
2023-07-08 07:00:00+01:00,19.61
2023-07-08 08:00:00+01:00,21.4
2023-07-08 09:00:00+01:00,23.05
2023-07-08 10:00:00+01:00,24.96
2023-07-08 11:00:00+01:00,26.03
2023-07-08 12:00:00+01:00,26.13
2023-07-08 13:00:00+01:00,25.73
2023-07-08 14:00:00+01:00,24.69
2023-07-08 15:00:00+01:00,24.39
2023-07-08 16:00:00+01:00,24.58
2023-07-08 17:00:00+01:00,24.7
2023-07-08 18:00:00+01:00,24.27
2023-07-08 19:00:00+01:00,23.43
2023-07-08 20:00:00+01:00,23.4
2023-07-08 21:00:00+01:00,21.56
2023-07-08 22:00:00+01:00,19.76
2023-07-08 23:00:00+01:00,18.79
2023-07-09 00:00:00+01:00,18.2
2023-07-09 01:00:00+01:00,17.82
2023-07-09 02:00:00+01:00,17.93
2023-07-09 03:00:00+01:00,17.53
2023-07-09 04:00:00+01:00,16.96
2023-07-09 05:00:00+01:00,16.59
2023-07-09 06:00:00+01:00,16.65
2023-07-09 07:00:00+01:00,17.23
2023-07-09 08:00:00+01:00,17.73
2023-07-09 09:00:00+01:00,18.95
2023-07-09 10:00:00+01:00,19.7
2023-07-09 11:00:00+01:00,19.75
2023-07-09 12:00:00+01:00,20.25
2023-07-09 13:00:00+01:00,20.5
2023-07-09 14:00:00+01:00,21.37
2023-07-09 15:00:00+01:00,21.86
2023-07-09 16:00:00+01:00,21.98
2023-07-09 17:00:00+01:00,22.74
2023-07-09 18:00:00+01:00,22.66
2023-07-09 19:00:00+01:00,22.36
2023-07-09 20:00:00+01:00,21.13
2023-07-09 21:00:00+01:00,19.93
2023-07-09 22:00:00+01:00,18.94
2023-07-09 23:00:00+01:00,17.85
2023-07-10 00:00:00+01:00,17.03
2023-07-10 01:00:00+01:00,16.07
2023-07-10 02:00:00+01:00,15.12
2023-07-10 03:00:00+01:00,14.39
2023-07-10 04:00:00+01:00,13.77
2023-07-10 05:00:00+01:00,13.58
2023-07-10 06:00:00+01:00,13.67
2023-07-10 07:00:00+01:00,14.7
2023-07-10 08:00:00+01:00,16.16
2023-07-10 09:00:00+01:00,17.55
2023-07-10 10:00:00+01:00,19.2
2023-07-10 11:00:00+01:00,20.39
2023-07-10 12:00:00+01:00,21.34
2023-07-10 13:00:00+01:00,21.97
2023-07-10 14:00:00+01:00,22.74
2023-07-10 15:00:00+01:00,22.32
2023-07-10 16:00:00+01:00,23.11
2023-07-10 17:00:00+01:00,22.82
2023-07-10 18:00:00+01:00,22.46
2023-07-10 19:00:00+01:00,21.83
2023-07-10 20:00:00+01:00,20.66
2023-07-10 21:00:00+01:00,19.78
2023-07-10 22:00:00+01:00,18.73
2023-07-10 23:00:00+01:00,18.0
2023-07-11 00:00:00+01:00,17.79
2023-07-11 01:00:00+01:00,16.98
2023-07-11 02:00:00+01:00,16.79
2023-07-11 03:00:00+01:00,16.65
2023-07-11 04:00:00+01:00,16.47
2023-07-11 05:00:00+01:00,16.76
2023-07-11 06:00:00+01:00,16.83
2023-07-11 07:00:00+01:00,16.88
2023-07-11 08:00:00+01:00,17.38
2023-07-11 09:00:00+01:00,18.03
2023-07-11 10:00:00+01:00,18.7
2023-07-11 11:00:00+01:00,19.51
2023-07-11 12:00:00+01:00,20.07
2023-07-11 13:00:00+01:00,21.22
2023-07-11 14:00:00+01:00,21.29
2023-07-11 15:00:00+01:00,21.58
2023-07-11 16:00:00+01:00,20.89
2023-07-11 17:00:00+01:00,21.32
2023-07-11 18:00:00+01:00,20.99
2023-07-11 19:00:00+01:00,20.08
2023-07-11 20:00:00+01:00,19.19
2023-07-11 21:00:00+01:00,18.11
2023-07-11 22:00:00+01:00,16.89
2023-07-11 23:00:00+01:00,15.94
2023-07-12 00:00:00+01:00,15.16
2023-07-12 01:00:00+01:00,14.75
2023-07-12 02:00:00+01:00,14.35
2023-07-12 03:00:00+01:00,13.73
2023-07-12 04:00:00+01:00,13.15
2023-07-12 05:00:00+01:00,12.66
2023-07-12 06:00:00+01:00,12.83
2023-07-12 07:00:00+01:00,13.63
2023-07-12 08:00:00+01:00,14.92
2023-07-12 09:00:00+01:00,16.54
2023-07-12 10:00:00+01:00,18.14
2023-07-12 11:00:00+01:00,19.23
2023-07-12 12:00:00+01:00,20.21
2023-07-12 13:00:00+01:00,19.79
2023-07-12 14:00:00+01:00,21.15
2023-07-12 15:00:00+01:00,21.38
2023-07-12 16:00:00+01:00,20.98
2023-07-12 17:00:00+01:00,20.22
2023-07-12 18:00:00+01:00,19.01
2023-07-12 19:00:00+01:00,18.25
2023-07-12 20:00:00+01:00,17.89
2023-07-12 21:00:00+01:00,16.55
2023-07-12 22:00:00+01:00,15.47
2023-07-12 23:00:00+01:00,14.68
2023-07-13 00:00:00+01:00,13.89
2023-07-13 01:00:00+01:00,13.3
2023-07-13 02:00:00+01:00,12.82
2023-07-13 03:00:00+01:00,12.42
2023-07-13 04:00:00+01:00,12.27
2023-07-13 05:00:00+01:00,12.19
2023-07-13 06:00:00+01:00,12.61
2023-07-13 07:00:00+01:00,13.75
2023-07-13 08:00:00+01:00,15.1
2023-07-13 09:00:00+01:00,16.38
2023-07-13 10:00:00+01:00,17.14
2023-07-13 11:00:00+01:00,18.05
2023-07-13 12:00:00+01:00,18.91
2023-07-13 13:00:00+01:00,19.93
2023-07-13 14:00:00+01:00,20.83
2023-07-13 15:00:00+01:00,21.05
2023-07-13 16:00:00+01:00,21.39
2023-07-13 17:00:00+01:00,21.36
2023-07-13 18:00:00+01:00,20.16
2023-07-13 19:00:00+01:00,20.0
2023-07-13 20:00:00+01:00,18.97
2023-07-13 21:00:00+01:00,18.04
2023-07-13 22:00:00+01:00,16.99
2023-07-13 23:00:00+01:00,16.13
2023-07-14 00:00:00+01:00,15.39
2023-07-14 01:00:00+01:00,14.81
2023-07-14 02:00:00+01:00,14.18
2023-07-14 03:00:00+01:00,13.74
2023-07-14 04:00:00+01:00,13.23
2023-07-14 05:00:00+01:00,12.86
2023-07-14 06:00:00+01:00,13.22
2023-07-14 07:00:00+01:00,14.15
2023-07-14 08:00:00+01:00,15.11
2023-07-14 09:00:00+01:00,15.86
2023-07-14 10:00:00+01:00,16.72
2023-07-14 11:00:00+01:00,17.53
2023-07-14 12:00:00+01:00,17.58
2023-07-14 13:00:00+01:00,17.41
2023-07-14 14:00:00+01:00,17.46
2023-07-14 15:00:00+01:00,16.85
2023-07-14 16:00:00+01:00,16.31
2023-07-14 17:00:00+01:00,16.93
2023-07-14 18:00:00+01:00,17.19
2023-07-14 19:00:00+01:00,17.81
2023-07-14 20:00:00+01:00,18.26
2023-07-14 21:00:00+01:00,18.21
2023-07-14 22:00:00+01:00,18.36
2023-07-14 23:00:00+01:00,18.05
2023-07-15 00:00:00+01:00,17.53
2023-07-15 01:00:00+01:00,16.93
2023-07-15 02:00:00+01:00,16.3
2023-07-15 03:00:00+01:00,15.48
2023-07-15 04:00:00+01:00,14.87
2023-07-15 05:00:00+01:00,14.28
2023-07-15 06:00:00+01:00,14.21
2023-07-15 07:00:00+01:00,15.23
2023-07-15 08:00:00+01:00,16.0
2023-07-15 09:00:00+01:00,17.04
2023-07-15 10:00:00+01:00,17.8
2023-07-15 11:00:00+01:00,18.93
2023-07-15 12:00:00+01:00,19.56
2023-07-15 13:00:00+01:00,19.3
2023-07-15 14:00:00+01:00,19.66
2023-07-15 15:00:00+01:00,20.37
2023-07-15 16:00:00+01:00,20.01
2023-07-15 17:00:00+01:00,19.68
2023-07-15 18:00:00+01:00,19.27
2023-07-15 19:00:00+01:00,18.09
2023-07-15 20:00:00+01:00,17.48
2023-07-15 21:00:00+01:00,16.65
2023-07-15 22:00:00+01:00,15.74
2023-07-15 23:00:00+01:00,15.37
2023-07-16 00:00:00+01:00,15.07
2023-07-16 01:00:00+01:00,14.87
2023-07-16 02:00:00+01:00,14.54
2023-07-16 03:00:00+01:00,14.43
2023-07-16 04:00:00+01:00,14.12
2023-07-16 05:00:00+01:00,13.99
2023-07-16 06:00:00+01:00,14.07
2023-07-16 07:00:00+01:00,14.48
2023-07-16 08:00:00+01:00,15.44
2023-07-16 09:00:00+01:00,16.46
2023-07-16 10:00:00+01:00,17.31
2023-07-16 11:00:00+01:00,18.06
2023-07-16 12:00:00+01:00,19.13
2023-07-16 13:00:00+01:00,19.98
2023-07-16 14:00:00+01:00,19.91
2023-07-16 15:00:00+01:00,20.79
2023-07-16 16:00:00+01:00,20.63
2023-07-16 17:00:00+01:00,19.53
2023-07-16 18:00:00+01:00,18.55
2023-07-16 19:00:00+01:00,18.29
2023-07-16 20:00:00+01:00,17.2
2023-07-16 21:00:00+01:00,16.41
2023-07-16 22:00:00+01:00,15.4
2023-07-16 23:00:00+01:00,14.34
2023-07-17 00:00:00+01:00,13.53
2023-07-17 01:00:00+01:00,12.95
2023-07-17 02:00:00+01:00,12.38
2023-07-17 03:00:00+01:00,11.91
2023-07-17 04:00:00+01:00,11.63
2023-07-17 05:00:00+01:00,11.54
2023-07-17 06:00:00+01:00,11.86
2023-07-17 07:00:00+01:00,13.0
2023-07-17 08:00:00+01:00,14.28
2023-07-17 09:00:00+01:00,15.35
2023-07-17 10:00:00+01:00,16.63
2023-07-17 11:00:00+01:00,17.8
2023-07-17 12:00:00+01:00,18.26
2023-07-17 13:00:00+01:00,19.24
2023-07-17 14:00:00+01:00,19.56
2023-07-17 15:00:00+01:00,19.96
2023-07-17 16:00:00+01:00,21.3
2023-07-17 17:00:00+01:00,20.95
2023-07-17 18:00:00+01:00,20.47
2023-07-17 19:00:00+01:00,19.83
2023-07-17 20:00:00+01:00,19.1
2023-07-17 21:00:00+01:00,17.29
2023-07-17 22:00:00+01:00,16.19
2023-07-17 23:00:00+01:00,15.28
2023-07-18 00:00:00+01:00,14.64
2023-07-18 01:00:00+01:00,14.15
2023-07-18 02:00:00+01:00,13.49
2023-07-18 03:00:00+01:00,12.49
2023-07-18 04:00:00+01:00,11.53
2023-07-18 05:00:00+01:00,11.12
2023-07-18 06:00:00+01:00,11.83
2023-07-18 07:00:00+01:00,12.99
2023-07-18 08:00:00+01:00,14.46
2023-07-18 09:00:00+01:00,16.34
2023-07-18 10:00:00+01:00,17.53
2023-07-18 11:00:00+01:00,18.4
2023-07-18 12:00:00+01:00,19.28
2023-07-18 13:00:00+01:00,19.56
2023-07-18 14:00:00+01:00,20.1
2023-07-18 15:00:00+01:00,20.1
2023-07-18 16:00:00+01:00,19.77
2023-07-18 17:00:00+01:00,18.74
2023-07-18 18:00:00+01:00,17.7
2023-07-18 19:00:00+01:00,16.91
2023-07-18 20:00:00+01:00,16.14
2023-07-18 21:00:00+01:00,15.72
2023-07-18 22:00:00+01:00,15.36
2023-07-18 23:00:00+01:00,14.98
2023-07-19 00:00:00+01:00,14.29
2023-07-19 01:00:00+01:00,13.94
2023-07-19 02:00:00+01:00,13.96
2023-07-19 03:00:00+01:00,13.9
2023-07-19 04:00:00+01:00,13.8
2023-07-19 05:00:00+01:00,13.73
2023-07-19 06:00:00+01:00,14.24
2023-07-19 07:00:00+01:00,15.01
2023-07-19 08:00:00+01:00,15.9
2023-07-19 09:00:00+01:00,16.84
2023-07-19 10:00:00+01:00,17.8
2023-07-19 11:00:00+01:00,18.33
2023-07-19 12:00:00+01:00,18.71
2023-07-19 13:00:00+01:00,18.77
2023-07-19 14:00:00+01:00,18.84
2023-07-19 15:00:00+01:00,18.82
2023-07-19 16:00:00+01:00,18.51
2023-07-19 17:00:00+01:00,18.13
2023-07-19 18:00:00+01:00,17.79
2023-07-19 19:00:00+01:00,17.6
2023-07-19 20:00:00+01:00,16.69
2023-07-19 21:00:00+01:00,15.55
2023-07-19 22:00:00+01:00,14.66
2023-07-19 23:00:00+01:00,13.44
2023-07-20 00:00:00+01:00,12.64
2023-07-20 01:00:00+01:00,11.94
2023-07-20 02:00:00+01:00,11.44
2023-07-20 03:00:00+01:00,11.29
2023-07-20 04:00:00+01:00,10.88
2023-07-20 05:00:00+01:00,10.36
2023-07-20 06:00:00+01:00,11.08
2023-07-20 07:00:00+01:00,12.12
2023-07-20 08:00:00+01:00,13.9
2023-07-20 09:00:00+01:00,15.18
2023-07-20 10:00:00+01:00,16.67
2023-07-20 11:00:00+01:00,17.72
2023-07-20 12:00:00+01:00,18.77
2023-07-20 13:00:00+01:00,19.47
2023-07-20 14:00:00+01:00,19.82
2023-07-20 15:00:00+01:00,19.63
2023-07-20 16:00:00+01:00,19.5
2023-07-20 17:00:00+01:00,18.95
2023-07-20 18:00:00+01:00,18.95
2023-07-20 19:00:00+01:00,18.5
2023-07-20 20:00:00+01:00,17.7
2023-07-20 21:00:00+01:00,16.02
2023-07-20 22:00:00+01:00,14.96
2023-07-20 23:00:00+01:00,14.54
2023-07-21 00:00:00+01:00,14.23
2023-07-21 01:00:00+01:00,13.15
2023-07-21 02:00:00+01:00,12.68
2023-07-21 03:00:00+01:00,11.42
2023-07-21 04:00:00+01:00,10.61
2023-07-21 05:00:00+01:00,10.11
2023-07-21 06:00:00+01:00,10.62
2023-07-21 07:00:00+01:00,11.63
2023-07-21 08:00:00+01:00,12.94
2023-07-21 09:00:00+01:00,14.64
2023-07-21 10:00:00+01:00,15.78
2023-07-21 11:00:00+01:00,16.6
2023-07-21 12:00:00+01:00,17.22
2023-07-21 13:00:00+01:00,17.49
2023-07-21 14:00:00+01:00,18.06
2023-07-21 15:00:00+01:00,18.25
2023-07-21 16:00:00+01:00,17.69
2023-07-21 17:00:00+01:00,17.87
2023-07-21 18:00:00+01:00,17.72
2023-07-21 19:00:00+01:00,16.9
2023-07-21 20:00:00+01:00,16.12
2023-07-21 21:00:00+01:00,14.99
2023-07-21 22:00:00+01:00,14.03
2023-07-21 23:00:00+01:00,13.5
2023-07-22 00:00:00+01:00,13.14
2023-07-22 01:00:00+01:00,12.62
2023-07-22 02:00:00+01:00,12.51
2023-07-22 03:00:00+01:00,12.28
2023-07-22 04:00:00+01:00,12.47
2023-07-22 05:00:00+01:00,12.46
2023-07-22 06:00:00+01:00,12.7
2023-07-22 07:00:00+01:00,13.11
2023-07-22 08:00:00+01:00,13.58
2023-07-22 09:00:00+01:00,14.32
2023-07-22 10:00:00+01:00,15.34
2023-07-22 11:00:00+01:00,16.06
2023-07-22 12:00:00+01:00,16.13
2023-07-22 13:00:00+01:00,16.49
2023-07-22 14:00:00+01:00,17.12
2023-07-22 15:00:00+01:00,17.56
2023-07-22 16:00:00+01:00,17.56
2023-07-22 17:00:00+01:00,17.16
2023-07-22 18:00:00+01:00,16.74
2023-07-22 19:00:00+01:00,16.42
2023-07-22 20:00:00+01:00,16.19
2023-07-22 21:00:00+01:00,15.96
2023-07-22 22:00:00+01:00,15.89
2023-07-22 23:00:00+01:00,15.87
2023-07-23 00:00:00+01:00,15.61
2023-07-23 01:00:00+01:00,15.51
2023-07-23 02:00:00+01:00,15.57
2023-07-23 03:00:00+01:00,15.73
2023-07-23 04:00:00+01:00,15.93
2023-07-23 05:00:00+01:00,16.13
2023-07-23 06:00:00+01:00,16.41
2023-07-23 07:00:00+01:00,16.74
2023-07-23 08:00:00+01:00,17.25
2023-07-23 09:00:00+01:00,17.22
2023-07-23 10:00:00+01:00,18.29
2023-07-23 11:00:00+01:00,19.44
2023-07-23 12:00:00+01:00,20.52
2023-07-23 13:00:00+01:00,21.12
2023-07-23 14:00:00+01:00,21.62
2023-07-23 15:00:00+01:00,22.0
2023-07-23 16:00:00+01:00,21.93
2023-07-23 17:00:00+01:00,21.83
2023-07-23 18:00:00+01:00,21.1
2023-07-23 19:00:00+01:00,20.39
2023-07-23 20:00:00+01:00,19.15
2023-07-23 21:00:00+01:00,17.31
2023-07-23 22:00:00+01:00,16.31
2023-07-23 23:00:00+01:00,15.66
2023-07-24 00:00:00+01:00,15.17
2023-07-24 01:00:00+01:00,14.84
2023-07-24 02:00:00+01:00,14.72
2023-07-24 03:00:00+01:00,14.57
2023-07-24 04:00:00+01:00,14.26
2023-07-24 05:00:00+01:00,13.94
2023-07-24 06:00:00+01:00,13.61
2023-07-24 07:00:00+01:00,13.53
2023-07-24 08:00:00+01:00,13.67
2023-07-24 09:00:00+01:00,13.89
2023-07-24 10:00:00+01:00,14.14
2023-07-24 11:00:00+01:00,15.03
2023-07-24 12:00:00+01:00,15.65
2023-07-24 13:00:00+01:00,16.65
2023-07-24 14:00:00+01:00,17.45
2023-07-24 15:00:00+01:00,17.54
2023-07-24 16:00:00+01:00,17.27
2023-07-24 17:00:00+01:00,16.77
2023-07-24 18:00:00+01:00,16.15
2023-07-24 19:00:00+01:00,15.81
2023-07-24 20:00:00+01:00,14.98
2023-07-24 21:00:00+01:00,13.95
2023-07-24 22:00:00+01:00,12.46
2023-07-24 23:00:00+01:00,11.93
2023-07-25 00:00:00+01:00,11.3
2023-07-25 01:00:00+01:00,10.87
2023-07-25 02:00:00+01:00,10.98
2023-07-25 03:00:00+01:00,10.22
2023-07-25 04:00:00+01:00,10.1
2023-07-25 05:00:00+01:00,10.29
2023-07-25 06:00:00+01:00,10.91
2023-07-25 07:00:00+01:00,11.93
2023-07-25 08:00:00+01:00,13.03
2023-07-25 09:00:00+01:00,14.2
2023-07-25 10:00:00+01:00,15.31
2023-07-25 11:00:00+01:00,16.82
2023-07-25 12:00:00+01:00,17.32
2023-07-25 13:00:00+01:00,17.95
2023-07-25 14:00:00+01:00,18.25
2023-07-25 15:00:00+01:00,18.57
2023-07-25 16:00:00+01:00,18.69
2023-07-25 17:00:00+01:00,18.44
2023-07-25 18:00:00+01:00,18.07
2023-07-25 19:00:00+01:00,17.01
2023-07-25 20:00:00+01:00,16.45
2023-07-25 21:00:00+01:00,15.34
2023-07-25 22:00:00+01:00,14.03
2023-07-25 23:00:00+01:00,13.47
2023-07-26 00:00:00+01:00,12.9
2023-07-26 01:00:00+01:00,12.01
2023-07-26 02:00:00+01:00,11.56
2023-07-26 03:00:00+01:00,10.81
2023-07-26 04:00:00+01:00,10.47
2023-07-26 05:00:00+01:00,9.94
2023-07-26 06:00:00+01:00,10.18
2023-07-26 07:00:00+01:00,11.47
2023-07-26 08:00:00+01:00,13.09
2023-07-26 09:00:00+01:00,15.01
2023-07-26 10:00:00+01:00,17.06
2023-07-26 11:00:00+01:00,18.62
2023-07-26 12:00:00+01:00,19.48
2023-07-26 13:00:00+01:00,20.35
2023-07-26 14:00:00+01:00,20.88
2023-07-26 15:00:00+01:00,20.98
2023-07-26 16:00:00+01:00,21.29
2023-07-26 17:00:00+01:00,20.95
2023-07-26 18:00:00+01:00,20.03
2023-07-26 19:00:00+01:00,18.83
2023-07-26 20:00:00+01:00,17.19
2023-07-26 21:00:00+01:00,16.21
2023-07-26 22:00:00+01:00,15.43
2023-07-26 23:00:00+01:00,15.05
2023-07-27 00:00:00+01:00,14.83
2023-07-27 01:00:00+01:00,14.92
2023-07-27 02:00:00+01:00,15.12
2023-07-27 03:00:00+01:00,15.55
2023-07-27 04:00:00+01:00,15.77
2023-07-27 05:00:00+01:00,15.78
2023-07-27 06:00:00+01:00,16.05
2023-07-27 07:00:00+01:00,16.52
2023-07-27 08:00:00+01:00,17.19
2023-07-27 09:00:00+01:00,17.96
2023-07-27 10:00:00+01:00,18.94
2023-07-27 11:00:00+01:00,20.15
2023-07-27 12:00:00+01:00,21.23
2023-07-27 13:00:00+01:00,22.14
2023-07-27 14:00:00+01:00,22.54
2023-07-27 15:00:00+01:00,22.96
2023-07-27 16:00:00+01:00,23.06
2023-07-27 17:00:00+01:00,23.02
2023-07-27 18:00:00+01:00,22.34
2023-07-27 19:00:00+01:00,21.7
2023-07-27 20:00:00+01:00,21.08
2023-07-27 21:00:00+01:00,19.62
2023-07-27 22:00:00+01:00,18.71
2023-07-27 23:00:00+01:00,18.13
2023-07-28 00:00:00+01:00,17.47
2023-07-28 01:00:00+01:00,17.0
2023-07-28 02:00:00+01:00,16.61
2023-07-28 03:00:00+01:00,16.01
2023-07-28 04:00:00+01:00,15.71
2023-07-28 05:00:00+01:00,15.75
2023-07-28 06:00:00+01:00,16.12
2023-07-28 07:00:00+01:00,16.85
2023-07-28 08:00:00+01:00,17.64
2023-07-28 09:00:00+01:00,18.55
2023-07-28 10:00:00+01:00,18.65
2023-07-28 11:00:00+01:00,19.29
2023-07-28 12:00:00+01:00,20.75
2023-07-28 13:00:00+01:00,21.46
2023-07-28 14:00:00+01:00,21.9
2023-07-28 15:00:00+01:00,22.49
2023-07-28 16:00:00+01:00,21.95
2023-07-28 17:00:00+01:00,21.96
2023-07-28 18:00:00+01:00,22.26
2023-07-28 19:00:00+01:00,21.84
2023-07-28 20:00:00+01:00,20.87
2023-07-28 21:00:00+01:00,19.45
2023-07-28 22:00:00+01:00,18.76
2023-07-28 23:00:00+01:00,18.01
2023-07-29 00:00:00+01:00,17.44
2023-07-29 01:00:00+01:00,16.95
2023-07-29 02:00:00+01:00,16.39
2023-07-29 03:00:00+01:00,16.06
2023-07-29 04:00:00+01:00,15.7
2023-07-29 05:00:00+01:00,15.51
2023-07-29 06:00:00+01:00,15.05
2023-07-29 07:00:00+01:00,15.61
2023-07-29 08:00:00+01:00,16.48
2023-07-29 09:00:00+01:00,17.45
2023-07-29 10:00:00+01:00,18.35
2023-07-29 11:00:00+01:00,19.47
2023-07-29 12:00:00+01:00,20.07
2023-07-29 13:00:00+01:00,20.38
2023-07-29 14:00:00+01:00,20.68
2023-07-29 15:00:00+01:00,21.59
2023-07-29 16:00:00+01:00,21.59
2023-07-29 17:00:00+01:00,21.67
2023-07-29 18:00:00+01:00,21.57
2023-07-29 19:00:00+01:00,20.63
2023-07-29 20:00:00+01:00,19.4
2023-07-29 21:00:00+01:00,18.2
2023-07-29 22:00:00+01:00,16.89
2023-07-29 23:00:00+01:00,16.05
2023-07-30 00:00:00+01:00,15.24
2023-07-30 01:00:00+01:00,14.46
2023-07-30 02:00:00+01:00,13.76
2023-07-30 03:00:00+01:00,13.27
2023-07-30 04:00:00+01:00,12.9
2023-07-30 05:00:00+01:00,13.05
2023-07-30 06:00:00+01:00,13.34
2023-07-30 07:00:00+01:00,14.07
2023-07-30 08:00:00+01:00,15.24
2023-07-30 09:00:00+01:00,16.38
2023-07-30 10:00:00+01:00,17.72
2023-07-30 11:00:00+01:00,18.89
2023-07-30 12:00:00+01:00,19.83
2023-07-30 13:00:00+01:00,20.52
2023-07-30 14:00:00+01:00,21.29
2023-07-30 15:00:00+01:00,21.11
2023-07-30 16:00:00+01:00,20.4
2023-07-30 17:00:00+01:00,18.87
2023-07-30 18:00:00+01:00,18.22
2023-07-30 19:00:00+01:00,17.99
2023-07-30 20:00:00+01:00,17.59
2023-07-30 21:00:00+01:00,16.99
2023-07-30 22:00:00+01:00,16.69
2023-07-30 23:00:00+01:00,16.08
2023-07-31 00:00:00+01:00,15.91
2023-07-31 01:00:00+01:00,15.48
2023-07-31 02:00:00+01:00,15.66
2023-07-31 03:00:00+01:00,15.72
2023-07-31 04:00:00+01:00,15.92
2023-07-31 05:00:00+01:00,16.22
2023-07-31 06:00:00+01:00,16.72
2023-07-31 07:00:00+01:00,17.42
2023-07-31 08:00:00+01:00,18.0
2023-07-31 09:00:00+01:00,18.64
2023-07-31 10:00:00+01:00,18.99
2023-07-31 11:00:00+01:00,19.13
2023-07-31 12:00:00+01:00,19.27
2023-07-31 13:00:00+01:00,20.11
2023-07-31 14:00:00+01:00,19.42
2023-07-31 15:00:00+01:00,19.6
2023-07-31 16:00:00+01:00,19.2
2023-07-31 17:00:00+01:00,19.01
2023-07-31 18:00:00+01:00,18.77
2023-07-31 19:00:00+01:00,18.54
2023-07-31 20:00:00+01:00,17.53
2023-07-31 21:00:00+01:00,16.68
2023-07-31 22:00:00+01:00,16.03
2023-07-31 23:00:00+01:00,15.24
